,事件 incident,日期Date,搜索关键词,标题,来源,用户属性,Tag ,URL,转赞评 ,微博内容摘要,评论区发言（related to research question),,
,2025年8月景区故意捅人事件,2025-08-10,,律师谈杀害女生男子有精神疾病史#：需确认其是否处于发作期及精神状态影响程度,九派新闻,新闻媒体 ,"#19岁女生遭杀害男子有精神疾病史# 
#律师谈杀害女生男子有精神疾病史#",https://weibo.com/7516679696/PFv2A0j95,49万转 157万评 1795赞 ,知名律师河南泽槿律师事务所主任付建告诉@九派新闻 ，若经法定程序鉴定确认，犯罪时精神病人不能辨认或不能控制自己行为，不负刑事责任。如果尚未完全丧失辨认或控制自己行为能力的精神病人犯罪，应负刑事责任，但可以从轻或减轻处罚。间歇性精神病人在精神正常时犯罪，应负刑事责任，按照正常量刑标准处罚。应当由专业的精神科医生通过详细的精神检查、心理测评等手段，依据相关诊断标准进行鉴定，确定其是否处于发作期以及精神状态对辨认和控制自己行为能力的影响程度 。,"
NebulosaRosette： 脱去安乐了不好？留个定时炸弹，还可能被不法分子钻漏洞。

阿吉班尔唐伽（回复 @老太太铲十吨煤）： 这个时代不可能有这些酷刑了，枪毙是最好的，结果还放罪犯逍遥法外。

老太太铲十吨煤（回复 @柳奉天）： 应该凌迟。安乐死便宜这些杂碎了。

阿吉班尔唐伽： 建议杀人的精神病一律安乐死，就像咬人的狗一样。

至秦慕远： 对，你说精神病不聪明吧，他知道找弱小的下手，知道去自首，知道逃跑。

90后的签约（回复 @至秦慕远）： 这事没有证据证明凶手当时没有精神病发作，也没有证据证明凶手当时有精神病发作。这事还是要看心理医生怎么判刑。以后要是有女性不管是学生，还是直播间里的女主播和模特（包括车模）被精神病人杀害了，都一样按法律法规来判决。

精神病鉴定需医学+法学双重标准，重点在于行为时的控制力，而非病史标签。",,
,,,,女大学生景区遇害凶手已被抓获,中国新闻周刊,新闻媒体 ,#19岁女大学生景区内遭捅多刀身亡#,https://weibo.com/1642512402/PFuoLbbII#commentt,4万 转 3万评论 32.6万赞 ,"近日，#19岁女大学生景区内遭捅多刀身亡#，引发关注。据媒体报道，8月10日下午，江西南昌八大山人梅湖景区，19岁女大学生与朋友旅游时，遭一名男子捅刺多刀身亡。对此，12日下午，青云谱区文化广电旅游局工作人员告诉@中国新闻周刊，此事警方正在处理，凶手已被抓获，具体情况以警方通报为准。截至发稿，景区电话一直未接通。

随后，南昌市公安局青云谱分局发布通报，2025年8月10日，南昌市青云谱区青云谱路附近发生一起伤人案件。接警后，民警迅速赶赴现场处置，并组织伤员救治工作。经初步调查，当日13时40分左右，犯罪嫌疑人席某某(男，23岁，江西高安人，有精神疾病诊疗史）持剪刀对刘某某和施某进行伤害，造成刘某某经抢救无效死亡，施某经送医院救治，无生命危险。

目前，席某某已被刑事拘留，案件正在进一步侦办中。 ","“持续关注！19岁，那么小的年纪，一定要严惩凶手！” （1.3万）
“真是飞来横祸，本来开开心心旅游“ （5万）
“持续关注，希望罪犯得到应有的惩罚，而不是一句有精神病就轻飘飘的带过” （307）
“3岁男子席某景区搭讪被拒 持剪刀行凶致一死三伤“ （374）",,
,,,,男子捅死拒绝他搭讪的女生 精神病不是免死金牌,搜狐新闻,新闻媒体 ,#19岁女大学生景区内遭捅多刀身亡#,https://weibo.com/5890672121/PFLineiE6,150转 116评论 1576赞,"
席某某有过精神疾病诊疗史，他是因为什么去做诊疗的，有没有确诊？如果确诊有精神疾病，那程度如何？在他捅杀刘同学时，到底是在发病期间抑或仍然具备完全刑事责任能力？许多案例表明，如果是间歇性精神病人，在精神正常期间犯罪，仍属完全刑事责任能力。捅死刘同学的席某某需要一个权威的精神鉴定，以确认他在行凶时的精神状态，以便与量刑相适应。

此外，人们对本案还有另一层疑虑，假如席某某就是预谋杀人，提前进行了精神病诊疗方面的精心部署，以掩护他现在的杀人行为，执法机关能不能识破这一层伪装？

一些人难以排除这个想法，主要是专业壁垒的存在，觉得“精神病司法鉴定”离自己太远，过于神秘。毕竟，司法精神病鉴定不同于一般鉴定，比较依赖于鉴定人员的主观判断，难免担心犯罪嫌疑人会编造案发时的症状，误导鉴定人员。","“还好穿的是汉服，不敢想如果穿的是和服的话舆论会怎么捧他为英雄” （312）

初唐新月:杀人偿命，这是最基本、最朴素的正义。（199）
他们长出了肺然后淹死了:回复@法尔诺斯:会啊，抑郁症之类的精神疾病就是自伤，老实说，真正的精神病人可不会专门挑妇孺弱小攻击，精神病人一般都是无差别攻击的，这个案件只是拿精神病来当借口想少判一点而已

法尔诺斯:我有一个疑问，为什么精神病人从来不刀自己呢？",,
,2024年6月9日成都女子遇害案,2024-06-09,,成都27岁女子在家门口被人持刀伤害致死一案，检方以故意杀人罪提起公诉 ,极目新闻,新闻媒体 ,"#女生家门口遇害精神病不是免死金牌# 
#被精神病人伤害致死女生不能白死# ",https://m.weibo.cn/detail/5171355261080192 ,102转 151评 1294赞,无论如何，受害人王某雅不能白死，该谁承担的责任不能跑，这是基本的社会公正。法律是全体人民共同意志的体现。对司法机关来说，如何将案件办到公众的心坎儿里，办得公众心服口服，就考验着他们对法律条文的精准理解," Yee我是Q: 不是负不负责任，应该和正常人同罪 (139赞） 

早安夏天summer：有热度了，就可能判死刑。没热度，你看法院判不判死刑 （176赞） ",,
,,,, 杀害27岁女子凶手父亲抱怨有家不能回 ,看看新闻KNEWS ,新闻媒体 ,"#受害者妈妈誓要追究凶手父母责任# 

#女子家门口遇害案法院择期开庭# ",https://m.weibo.cn/detail/5170887701040700 ,1826转 3745评 12万赞,2024年6月9日，四川成都一名27岁女子在家门口被人持刀伤害致死，嫌疑人被当地警方刑事拘留。近日，该案将在成都市中级人民法院公开审理。受害者妈妈告诉记者，凶手父亲竟称：“就这事害我们有家不能回，花钱在外面住宾馆。”对此受害者妈妈表示，一定追究凶手父母责任。,"News上海：监护人应该负责的 （189回复 1.2万赞）
 
“有预谋的 有目标的 行凶” （1133）

“保安干嘛去了？保安都来了，好像都不起作用” （39）

左岸迷迭香：人家闺女没了，精神问题监护人就应该担责（145回复 1.2万赞） ",,
,,,,成都女子家门口遇害案律师呼吁精神病人行凶入刑,大象新闻 ,新闻媒体 ,"#家门口遇害女子母亲讲述凶手行凶过程# 

#家门口遇害女子母亲称凶手提前踩点# 

#女子家门口遇害案法院择期开庭# ",https://m.weibo.cn/detail/5170887701040700 ,2340 转 2275评论 2.7万赞 ,“5月27日，成都女子家门口遇害案延期开庭。该案中，27岁的海归女子王某雅于2024年6月9日遭同小区住户梁某某持刀袭击身亡。本案起诉书显示，梁某某患有精神分裂症，违法行为评定为部分刑事责任能力，对其以故意杀人罪追究刑事责任。 被害人代理律师呼吁修改刑法，建议精神病人行凶必须入刑。”,"

夜空守望want：很难的。发病时无民事行为能力人。但我觉得可以追究监护人的罪行，如果是被送到精神病院可以追究精神病院责任。（98回复 254赞） ",,
,,,,/ ,胜利主义章北海 ,个人博主,"#女儿未恋爱遇害母亲泣诉人生骤断# 

#女子持刀杀人后父母带其做精神鉴定# ",https://m.weibo.cn/detail/5170680236872616 ,398转 1199评论 2万赞 ,"“2024年6月9日，成都王女士的女儿在家门口被同小区35岁的女子捅死，事后凶手被鉴定出精神病。这个案子明天开庭。 
出于政治正确，我不能说精神病人杀人也该偿命，但是从内心来讲，精神病人杀人不用偿命，实在不甘心” ","雾_雾_中：精神病人杀人更应该死刑，这样可以减少潜在的杀人案 （2835赞） 
Misaki殷紫：精神疾病也分对社会有害和无害的，请不要一言以概之 （406赞） ",,
,,,,/ ,成都紫雅妈妈 ,个人博主,#微博当事人# ,https://m.weibo.cn/status/5170978167984618 ,398转 1199评 2万赞 ,“大家好，我是成都市郫都区2024年凶杀案中受害者的妈妈，也就是紫雅妈妈，因为你们的关注和发声，让我女儿的案子上了热搜，谢谢你们[合十][合十]本来说的今天开庭，但由于一些客观原因 ，将择期开庭，择期开庭的时间还没订，有具体消息了我会第一时间告之各位朋友！不管等多久，我的诉求是不会变的:那就是杀人凶手梁珂滢必须死刑！” ,"藏青色的疯子：阿姨，我爸爸也是被精神病杀死的，我支持你！我懂你的痛！如果判不了死刑，我们受害人算什么！我们老老实实本本分分的生活，到头来被精神病毁了一家他们却不用付出代价！凭什么 (2.8万赞） 

解剖刀Crystal：管你啥病，管你多大年龄，杀人偿命，天经地义 （9246赞） ",,
,2023年5月4日列车持刀杀人案,2023-05-04,,“列车持刀杀人案”凶手：6年前曾拿刀捅伤工友 此前判决书显示 ,红星新闻,新闻媒体 ,"#起底火车行凶案嫌疑人#
#火车行凶案嫌疑人有精神病史#
#火车行凶案嫌疑人曾2次被强制戒毒# ",https://weibo.com/6105713761/MFMt7fduE, 3199转 854评 7838赞 ,5月4日，网传一名男乘客在K435次列车上被一男子持刀杀害，引发关注。5月7日，广州铁路公安局衡阳公安处向媒体证实，网传消息属实，且嫌犯有案底。据警方披露，嫌犯35岁，重庆人，2014年和2017年（凶手）曾两次持刀伤人，2010年和2011年曾两次被强制戒毒。（2019）渝0112民初29168号判决书显示，贺某某有精神病、犯罪史以及吸毒史。2018年3月12日，重庆市垫江县公安局澄溪派出所民警对贺某某进行讯问时，贺某某向警方承认自己患有精神分裂症，称他之前在长寿区葛兰第三人民医院精神科住院。5月9日，知情人张斌（化名）告诉红星新闻记者，他于2016年在重庆开了一家劳务派遣公司，贺某某于次年入职其公司，随后被派往当地一家汽修公司服务，“但入职不到一个月，他就拿刀捅了那家汽修公司的一名老员工敖某。” ,"这样的人为什么放出来？放出来又没有任何单位机构能够管控，为什么放出来？？？（1286）
回复：国内在册精神病重度患者510w。你确定都要关起来？（19）

这种有前科人就应该限制乘坐交通工具！去人多的地方就是颗定时炸弹[生病] （156）

他判不了死刑？（5）
回复：杀人偿命就是个笑话",,
,,,,#K435次列车杀人案凶手母亲回应#“如何管住患精神疾病儿子”,红星新闻,新闻媒体 ,#K435次列车杀人案凶手母亲回应#,https://weibo.com/6105713761/NnfVXDqXN,32转 317评 3293赞 ,"2023年5月4日，35岁的贺某在K435次列车上突然持刀杀人。5个月后，案件真相逐渐清晰。据澎湃新闻披露，衡阳铁路运输法院认为，贺某实施了杀害他人的行为，严重危害公民人身安全，经法定程序鉴定为依法不负刑事责任的精神病人，但因有继续危害社会的可能，故决定对其强制医疗。
贺某有伤人、杀人的先例，如强制医疗好转释放后，其病情再犯，继续伤害或杀害他人，该怎么办？如何避免？10月10日中午，红星新闻将网友关心的问题通过中间人转达给贺某的母亲卓某兰。卓某兰回应称：“等放出来了，我就把他接回家，然后长期在（重庆）这边的医院治疗。我毕竟是监护人。”","“监护人失职，不该处罚监护人？？？”（218）
“ 建议杀精神病人也不犯法！”（158）
“ 被杀的人妈妈再也等不到孩子了 ” （141）
“ 老虎伤人还会被击毙呢，留着他继续杀人？这样的法律不是好法律。” （168）
“ 被杀的人还能回家吗，因为他是精神病，所以被杀害的人就白死了？” （108）
",,
,,,,#K435列车命案嫌犯被鉴定为精神病人#，法院决定强制医疗,环球时报,新闻媒体 ,#K435列车命案嫌犯被鉴定为精神病人#,https://weibo.com/1974576991/NmVWTg1Xf?refer_flag=1001030103_,14转 41评 166赞 ,衡阳铁路运输法院审理查明，贺振华实施了杀害他人的行为，严重危害公民人身安全，经法定程序鉴定为依法不负刑事责任的精神病人，有继续危害社会的可能，故决定对其强制医疗。被害人谷巩的表姐李女士告诉澎湃新闻，家属尚未决定是否申请复议。 ,"“是不是应该终生强制医疗？？否则别过两年说好了就给放出来了” （44）

“安检难辞其咎” （12）

精神病怎么了？杀人就偿命，行刑的时候找另一个精神病来执行 （24）
",,
,,,,#火车案凶手母亲称愿替儿子道歉#：儿子有伤人前科，自己也被打过,新浪新闻,新闻媒体 ,"#火车案凶手母亲称愿替儿子道歉#
#火车案凶手母亲证实其患精神病#",https://weibo.com/2028810631/MFVrt1gR5?refer_flag=1001030103_,8转 31评 342赞 ,"犯罪嫌疑人贺某某母亲告诉新黄河记者，贺某某有吸毒史、精神病史和伤人前科，她愿替儿子向被害人及其家属道歉。

“他有精神方面疾病，一共在医院住了两年8个月。”此前，有媒体报道称K435次列车持刀行凶的嫌疑人贺某某有精神病史。关于这一细节，嫌疑人贺某某的母亲卓女士回应称“属实”。","这次被法律制裁了，这个妈也可以解脱了。不过，一直好奇对于这种有潜在社会危害、家人又制不住的，有什么资源可以求助呢 （2）

不想听到其他…… 只想它必须死刑偿命[怒骂][怒骂] （21）

不关心他有什么故事，只关心他什么时候吃枪子 （93）

",,
,2021中南财经政法大学副教授被精神病人杀害案,2021-11-30,,妻子谈丈夫被精神病人杀害细节,第一现场,新闻媒体 ,"#妻子谈丈夫被精神病人杀害细节#
#妻子诉工亡为告慰丈夫23年读书路#
#副教授被精神病人杀害家属最新发声# ",https://weibo.com/1789681642/QgJybtuT5,,中南财经政法大学副教授王某平在自家小区内，遭患有偏执型分裂症的男子王某刚持棍袭击后不治身亡。12月3日，妻子敖女士接受@第一现场 专访时表示，丈夫求学几十年正是年富力强的时候，命却被一个精神病人残忍剥夺，真的是天降横祸，而自己也一夜白头。“刚开始出事连哭都不知道哭。现在我相信，人是会一夜白头的。” ,"
deereedLH:能杀人的精神病人，还留着干什么呢？等他再杀人吗？（9）

绵绵_angela:回复@deereedLH:还是要送医，既能得到治疗，还能防止伤人

盧爺爺爺爺:回复@绵绵_angela:谁能保证他一辈子不复发？或者更严重点，谁来给他就医这个钱？

deereedLH:回复@绵绵_angela:既然都说是精神病人了，那肯定不是才查出来精神病人，都会杀人的程度的精神病人，那监护人之前为什么没有预防他出去伤害无辜的人，谁能保证他今后一辈子都病情稳定呢？如果他又不稳定又杀人了怎么办呢？为什么要让无辜的人承担风险呢？ 精神病人不该成为免死金牌，那是对遵纪守法公民的不公平。

绵绵_angela:可以送去医院接受治疗呀，病情会有稳定的时候，稳定的时候跟正常人一样，这样也要杀吗？[允悲]",,
,,,,#被精神病人杀害的副教授亲属发声#：凶手还晓得毁灭证据,海报新闻,新闻媒体 ,"#被精神病人杀害的副教授亲属发声#

#副教授在小区内被精神病人一招致命# ",https://weibo.com/2620088113/Qhhgkq97Y?refer_flag=1001030103_,80转 58评 1197赞,副教授王某平在自家小区内被精神病人杀害，妻子敖女士悲痛质问：打人的时候，凶手选择从背后袭击，打击部位一招致命。而且凶手懂得把凶器藏起来保护自己，毁灭证据，这是精神病人做的事吗？,小猪-_猪:让凶手接受应有的法律制裁，彰显人性的良知和社会的公正。（5）,,
,2010年4月福建南平校园惨案,2010-03-23,,/ ,万路书杰 ,个人博主,#校园惨案# ,https://m.weibo.cn/detail/3523816775258661 ,0 转 0评论 0赞 ,“中美两地校园惨案，让我不约而同想起前两年福建南平同样校园惨案。两个疑问:对于这些被外界打上“人格障碍”、“精神病”案犯是什么原因让他们选择这样方式为自己人生画上一个问好？又为什么，每当类似这样事件发生总有笔者打出“人格障碍”、“精神病”、“悲观厌世”马赛克遮掩事件本身” ,/,,
,,,,/ ,灯蛾烈火 ,个人博主,#校园惨案# ,https://m.weibo.cn/detail/3523888576752065 ,0 转 0评论 0赞 ,“继2010年发生在福建南平、广西合浦、江苏泰兴等地的一系列校园血案后，12月14日，河南光山县文殊乡陈棚村完全小学发生惨案：36岁的村民闵应军冲入这所小学，砍伤学生22名，群众1名，警方初步认定闵应军患有精神病。此人冲进校园后，拿着刀逐个教室，从一楼砍到三楼，期间丝毫不见老师和保安的影子。” ,/,,
,,,,/ ,清华史安斌 ,个人博主,/,https://m.weibo.cn/detail/3587030442843954 ,124 转 32评论 5赞 ,“厦门BRT纵火案定性为“社会报复”，接下来需要防止的是“媒体教唆”效应，把这样的个案“泛社会化”，密集的报道指向社会问题，而非案情本身，会加大类似案件短时间内在其他地区上演的可能性。教训是2010年4月福建南平校园惨案，由于媒体过度渲染嫌犯反社会的动机，导致全国在一个月内上演4起类似惨剧” ,/,,
,,,,/ ,正义网 ,新闻媒体 ,/,https://m.weibo.cn/detail/4119233002392702 ,38 转 63评论 21赞（上过头条） ,“【得是什么样的人 才会对儿童下杀手！[怒]】江苏丰县爆炸案已致8死65伤，警方将该事件定为刑事案件，并初步锁定嫌疑人。2010年3月，一歹徒在福建南平实验小学门口挥刀砍死8名儿童、砍伤5名儿童。此后，在短时间内，全国发生了多起校园惨案。得是什么样的人，才会对儿童下杀手↓↓生命不保，何谈教育！” ,博主开启防火墙，评论区内容无法显示 ,,
,,,,,,,,,,,,,
,2014年8月广州公交纵火案,2014-07-05,,#广州公交纵火案#凶手一审被判死刑 ,央视新闻,新闻媒体 ,#广州公交纵火案# ,https://m.weibo.cn/detail/4119233002392702 ,191 转 232评论 679赞 ,“广州中院审理查明，被告人欧长生因久病不愈产生报复社会想法，于2014年7月15日，在广州301路公交车点燃爆炸装置，致2人死亡16人重伤；欧还在外地实施两起严重破坏交通设施的犯罪行为。今天，欧长生因犯爆炸罪和破坏交通设施罪，一审被判处死刑。(央视记者吴思雅)！” ,"宁波袁先生：报复社会？这人肯定无罪释放，因为是精神病患者！（0转0评0赞） 

yaya桑榆非晚：报复社会最可怕了。（0转0评0赞） 

呆童酱-0-：下面说让社会反思一下如何帮助久病不愈的人，反思你mb（0转0评20赞） 

南明月北清风：他得不到关怀，得不到政府的补贴，所以心理扭曲，大家想想，国家政策都是好的，到老百性手里有什么，屁都沒有，所以，看不到希望心理变态，怨准呢，只能怨贪官层层扒皮，什么利意都是自己的，什么廉租房什么商品房，还有部长它爹吃劳保，自己占完亲戚占，到老百姓手里的是施舍给你的，这样的国（0转0评4赞） 

没工作的悲哀：因为我参加乡镇事业单位的招聘考试取得了某岗位的第二名，但是没被通知面试也没被录取，这是什么社会？我都想报复社会，但是没胆量，只好窝窝囊囊地活着（0转0评4赞） ",, 
,,,,【广州公交纵火案嫌犯因赌博输钱而纵火】,人民日报,新闻媒体 ,,https://m.weibo.cn/detail/3733027110524745,963 转 1101评论 231赞 ,"
“据广州警方通报：7月15日发生在海珠区广州大道南敦和路口的301路公交车纵火案件已告破，警方于16日11时47分在白云区抓获犯罪嫌疑人欧某(男，25岁，湖南人)。据欧某交待，其因个人赌博输钱、心生不忿，继而在301路公交车上实施人为纵火。目前嫌犯已被刑拘” ",,,
,,,,【广州警方16小时侦破海珠区“7.15”公交车纵火案件】 ,人民日报,新闻媒体 ,#警方通报#,https://m.weibo.cn/detail/3733027110524745 ,963 转 1101评论 231赞,"赌博输钱、心生不忿，所以人为纵火（偏向报复社会而非精神病，犯人有正常运作的思考和决策能力） 

“7月15日发生在海珠区广州大道南敦和路口的301路公交车纵火案件已告破，广州警方连续奋战，于16日11时47分在白云区抓获犯罪嫌疑人欧某（男，25岁，湖南人）。据欧某交待，其因个人赌博输钱、心生不忿，继而在301路公交车上实施人为纵火” ",,,
,,,,,_beta同学,个人博主,#广州公交爆炸#,https://m.weibo.cn/detail/3732798454293772 ,155 转 152评论 514赞,"
“从厦门BRT纵火案开始，公交纵火犯罪频率越来越高。模仿犯罪产生了更广泛社会危害性。媒体细化报道脱不了责任，罪犯容易认为公交纵火是‘低投入犯罪思路高回报社会报复感’。网民祷告熄不住罪犯报复社会的熊熊烈火，反倒助长了他们的嗜血人性” ","褐瞳_BLUE：也因为媒体没有详细报道纵火犯的下场，也没有给纵火犯死刑（0转0评12赞） 

80_hiIwantobeslim：不是不报 是换种方式报道 比如多报犯罪成本 犯罪后果 起到警示的作用（0转0评10赞） 

周歪歪1003：我也觉得媒体太搞人。不应该那样报道过头了。让心理扭曲的人更想模仿犯罪（0转0评7赞） 

有馅的白馒头-8小魔8-：因为一个恶性案件出来之后常常会有一系列模仿犯，加上中国媒体大部分都没意识到╮(￣▽￣"")╭ 细节图片，伤者的痛苦，对犯罪者的同情都会刺激潜在罪犯，这种视频图片什么的看到也别转了，没好处（0转0评6赞） 

叫我铲屎大将军：回复@ly小y小y:媒体追求眼球效应，血腥暴力场面带来更多的关注，从而忽视了作为媒体应该承担的引导安抚的责任，感觉现在的媒体和犯罪分子一样的疯狂，看他们报道的内容完全不觉得沉痛反而很兴奋的样子，媒体如果不改变报道方式此类事件还会持续发生，唉，看着只能干生气，摸摸头（0转0评6赞） 

忄肖忄肖晚安_oO：这类型的罪犯无非就是想报复社会，惨不忍睹的视频和图片，群众的恐惧和不安，全国的关注，都会让他们变态的犯罪心理得到满足，媒体再不注意一下报道的方式只怕模仿的罪犯会变多（0转0评5赞） ",,
,2013年北京首都机场爆炸案,2013-07-20,,【东莞通报冀中星案详细情况】 ,央视新闻 ,新闻媒体 ,,https://m.weibo.cn/detail/3732798454293772 ,571 转 804评论 72赞,"“昨晚北京首都机场发生爆炸，网传当事人冀中星曾""被东莞治安队员殴打致残，投诉无门""。东莞通报：①至今仍没有证据证明治安队员殴打冀中星 ②冀中星上访后，出于人道主义给予冀中星救助金10万元 ③冀中星收取救助金后，对东莞市表示感谢。(央视记者公海全)” 

东莞方报道：“经东莞人民法院审理，认为冀中星的举证不足，判决驳回金中兴的诉讼请求（赔偿334782.99元）。” ","该评论区据我观察没有被点赞过的评论，因此截取一些有代表性的不同立场的言论。须知，该评论区底下很大一部分用户在表达对政府处理的不满以及普通人采用极端手段诉苦的无奈 

小花不是一只狗：就这样说吧，反正我不信，人家拿命拼了，没冤屈不可能 

@肚子好大好烦恼：上访的不一定就是真有冤屈的。穷山恶水出刁民，菏泽是什么地方，呵呵。评论里有些人真是太不了解农民的基本属性都有什么了。 

@泉涌溪河：这样的敲炸老江湖手法挺老练的，政府现在不能再多给他一分钱了，宠不得，你越宠，他会越闹，就象现在网上的那些“公知”们一样。他现在也在玩双方收费都说不定，这个也要调查下。是不是有这个事。 ",,
,南昌商场故意伤人事件,2019-05-24,商场 故意伤人,南昌一商场发生伤害案件嫌犯已被抓（这个案件有不少当地新闻报道，但都是bot，一样的文案，无人评论）,新京报,新闻媒体 ,,,,#南昌一商场内男子用刀划伤一女子#1月10日晚，江西南昌红谷滩一商场内发生一起伤害案件。当晚红谷滩警方通报，警方接警后迅速出警，嫌疑人被当场控制，经查嫌疑人宋某雄使用陶瓷折叠水果刀将一名女子划伤，伤者经送医诊治确认为表皮划伤，目前案件正在进一步侦办中。,南昌啊，这是现在网络发达了[doge]以前不知道多少起这种事 （11）,,
,景德镇一家三口被撞,2024-10-02,公共安全,景德镇一家三口被撞案一审宣判 肇事司机廖某宇被判处死缓,新浪热点,新闻媒体 ,#一家三口被撞亡案被告一审被判死缓#,https://weibo.com/2318910945/QmhxmvYgk,,"1月9日，江西省景德镇市中级人民法院对被告人廖某宇以危险方法危害公共安全案一审公开宣判，对被告人廖某宇以以危险方法危害公共安全罪判处死刑，缓期二年执行，剥夺政治权利终身。

法院经审理查明，2024年10月2日18时30分许，被告人廖某宇驾驶电动汽车，载孙某某从景德镇市珠山区某小区出发，沿昌江大道由东向西行驶至一红绿灯路口等待通过时，与孙某某因琐事发生争执致心情烦躁。在等待多轮红绿灯后，廖某宇驾驶车辆加速通过，并不顾孙某某劝阻持续加速行驶一段距离后，看见由北向南横过马路的被害人胡某(男，殁年31岁)、王某某(女，殁年30岁)、胡某某(男，殁年不满1岁，由胡某抱在怀中)一家三口，廖某宇随即踩刹车和打方向盘意图避让，但因车辆速度极快而撞击到被害人，致胡某某当场死亡，王某某经现场抢救无效死亡，胡某经送医抢救无效死亡。案发后，廖某宇先后拨打了急救和报警电话，并在现场等候处理。

法院审理认为，被告人廖某宇无视交通安全管理法规，明知节假日晚高峰期间城市主干道人流车流密集，高速驾驶车辆极易发生危害公共安全的后果，仍然超速行驶，造成三人死亡，严重危害公共安全，其行为已构成以危险方法危害公共安全罪。廖某宇犯罪情节恶劣，后果特别严重，应依法惩处。鉴于廖某宇在看见被害人后采取了紧急制动和打方向盘的避让措施，犯罪心态系间接故意，主观恶性和人身危险性有别于蓄意危害公共安全的直接故意犯罪，且具有自首情节，根据廖某宇犯罪的事实、犯罪的性质、情节和对于社会的危害程度，依法作出以上判决。

被害人和被告人双方亲属，部分人大代表、政协委员、新闻媒体记者及群众旁听了宣判。（央视）","救护车都是别人打的，他有自首情节？(3487)
为啥不是死刑呢？不是杀人偿命吗 (2037)
不是死刑立即执行不足以平民愤呀，这种故意加速到120多就是故意杀人，而且事故后还调侃。(1129)",,
,,,,【景德镇#一家三口被撞亡前正筹备孩子周岁宴#，家属悔恨当天喊他们来吃饭】,极目新闻,新闻媒体 ,#一家三口被撞亡前正筹备孩子周岁宴#,https://weibo.com/1720962692/Qm9gmvxu6,,"据景德镇警方通报，2024年10月2日18时42分许，廖某某（男，20岁）驾驶一辆小型汽车行驶至昌江大道莱顿风情小区门口路段时，撞倒正在过马路的三名行人，造成胡某某当场死亡、王某某经现场抢救无效死亡、胡某受伤经送医抢救无效后死亡。经勘察、检验鉴定，廖某某排除酒驾毒驾嫌疑，负事故全部责任。10月3日，廖某某因涉嫌交通肇事罪被依法刑事拘留。

极目新闻记者了解到，此起事故中不幸身亡的三人为一家三口，丈夫胡某31岁，妻子王某某30岁，儿子胡某某不满1岁。警方给出的肇事原因是，司机廖某某因与女友吵架，开快车泄愤。","“当被问及是否曾后悔喊儿子一家回家吃饭时”这是人问得出来的问题吗？”（494）
”自己开快车又赖到女朋友身上“ （36）
天呐，这个结果[裂开][裂开][裂开]廖某宇只是暂时失去自由，而三个无辜的人却永远失去生命，剩下这对可怜的父母，维权太难了，紫雅案也一样，唉。（6）
必须QB，以儆效尤，不然有人模仿（60）",,
,,,,廖某宇以危险方法危害公共安全案一审宣判,新华社,新闻媒体 ,#景德镇一家3口被撞案一审宣判#,https://weibo.com/1699432410/Qmhvklxuo,,,"“区别是一个积极追求，一个放任发生。本案认定间接故意法院裁判是以事实为依据，以法律为准绳。 间接故意是指明知自己的行为可能发生危害社会的结果，并且放任这种结果发生的心理态度‌。直接故意指行为人明知自己的行为必然或可能引发危害社会的结果，并积极追求该结果发生的心理态度。” （3927）
“一言难尽，很不舒畅。” （1.2万）
这个案子性质确实恶劣，死缓判决要兼顾事实与法律，既考量间接故意的主观属性与自首情节，也彰显对生命的敬畏与对公共安全的守护，更警示驾车者莫让情绪凌驾于规则之上。 ​（1488）",,
,,,,,啾咪一栀穗,个人博主,#景德镇一家3口被撞案一审宣判##景德镇车祸肇事司机一审死缓#,https://weibo.com/3936528530/QmhWxkv3R,,"是要死刑，才让受害者家属撑到现在的，一家三口死亡，独子独孙没了，等于就是绝代了，相信会死刑，以为也会死刑，结果还是死缓。

撞了人之后，他的家人至今没有道歉，和女友吵架泄愤飙车，结果一家三口被撞死亡，廖某父亲还说受害人家属买媒体…… 

不死刑不平民愤！","“必须上诉！不死不足以平民愤” （37）
“是我多了一段记忆吗，之前报道说是没有女朋友的，是他咨询了律师，律师建议说跟女朋友吵架，这样能降低惩罚” （23）
“这个判的算是合理吧”",,
,,,,景德镇一家3口被撞案一审宣判,星烨易理,个人博主,#景德镇一家3口被撞案一审宣判#,https://weibo.com/2104482423/QmiwcbLu2,,"国内到底谁在支持废S？

判个死刑必须最高院批准，扭扭捏捏的

恶意飙车，态度恶劣，威胁恐吓，挑战国法。。

这种还不够死刑？？

估计过几年老人走了，肇事司机十年左右说不定就自由了。

80年代yanda，小偷小摸都S形，治安好转

本博觉得法官也是尽力了，毕竟权l有限

希望果家考虑，类似成都女邻居上门S人，景德镇飙车撞死一家三口的，特批让他们去。。","“法官判的真公平，建议当地热心市民赶紧送礼表示谢意，毕竟当地出了这么个法官不容易，烂菜叶子臭鸡蛋走起。”（5）
“法律专业人士是支持的，普通人反而相反”
“死刑不会被废除，但是总的原则是 慎用少用 而且经过最高法审核批准，这是绝对不可少的程序，一旦杀错，那就无可挽回了 以前就有过这种事情，所以必须吸取教训”",,
,武汉大学学生故意伤害事件,2025-06-04,故意伤害,警方通报武汉大学伤人事件​​​,极目新闻,新闻媒体 ,#武大伤人男生因学业不顺问题行凶# ,https://weibo.com/1720962692/Pvj5Wu01X,,​​​据@平安洪山 ：4日17时许，辖区武汉大学某食堂内发生一起故意伤害案件。民警迅速赶赴现场处置，会同学校、120急救等部门将3名伤者及时送医治疗。目前，伤者均无生命危险。犯罪嫌疑人朱某（男，23岁，该校学生）被警方当场控制。经审查，朱某因学业不顺问题行凶，其对犯罪事实供认不讳，已被采取刑事强制措施。案件正在进一步侦办中。,"学业不顺是伤人的理由吗（935）
学业压力再大也不能走极端呀，希望大家重视心理健康，遇到难题多求助，愿伤者早日康复 。（289）
",,
,,,,警方通报武汉大学伤人事件 ​,C科技,个人博主,,https://weibo.com/1823630913/PvjrDpWms,,看来人渣哪里都有，自己学业不顺，在学校食堂伤人，导致三人受伤！这下得吃牢饭了,"都上武汉大学了，学业有啥不顺的，心态还是要放平，这样搞得前途都毁了 （2）
回复：他应该是已经拿不到双证了才破防的


加强管理吧
回复：怎么管理，想砍人的提前跟导员报备先加一副银镯子？[允悲]",,
,,,,警方通报武汉大学伤人事件,观察者网,新闻媒体 ,#警方通报武汉大学伤人事件# ,https://weibo.com/1887344341/PvjlIFhiN,,学生朱某因学业不顺问题行凶，伤者均无生命危险,"“学业不顺也是理由能轻判的话 那生活不顺就……”（21）
“任何时候都不该用暴力解决问题，故意伤人既伤他人身体，也毁自己人生，克制冲动、敬畏法律才是对自己和他人的负责。”
“具体是什么 学业不顺啊，这新闻说的模模糊糊的” （1）
",,
,上海地铁持刀伤人事件,2024-06-19,地铁 公共安全,警方通报：#上海地铁发生持刀伤人案3人受伤#,Vista看天下,新闻媒体 ,"#上海地铁持刀伤人嫌犯被抓获# 
#上海地铁发生持刀伤人案3人受伤#",https://weibo.com/1323527941/OjGxEcJgF,56转 201赞 757评,上海市公安局城市轨道和公交总队通报：2024年6月19日8时28分，轨交9号线合川路站内发生一起持刀伤人案件。民警接报后迅速到场，将3名受伤人员送医治疗。目前，犯罪嫌疑人沈某（男，54岁）已被警方抓获，案件正在进一步侦办中。,"知道安检的重要性了吧，谁那几天说安检不好，怎么滴，建议加严安检。
回复：狗屁，这种安检，拦住的都是受害者。如果普通人手里有刀🔪，那双方还能对峙，现在嘛，乖乖的挨捅吧。毕竟大家都是普通人，很少有人学过空手夺白刃。 而凶手嘛，一把长刀，只有不超过1米，都能塞进裤腰带里带进地铁，毕竟地铁安检又不察身上的

回复： 安检都严到这样了，想犯罪的该有刀不还是有刀么。
回复： 是重要，但总不至于在大街上也安检吧，总不至于禁止用菜刀做饭做菜吧，要是允许持枪呢，是不是就乱套了，要不你倒贴几千块钱做个大街上的安检员吧，泥这个底层的掰嗤，泥流星个几担渍呢",评论大部分在吵架，因为案情报道说的不太清楚，很多人以为嫌疑人是在地铁口站内捅人，其实是在地铁口外。,
,,,,#上海地铁持刀伤人嫌犯被抓获#,蔡雅奇刑法,个人博主,"#上海地铁持刀伤人嫌犯被抓获#
#实务案例看一看# ​​​",https://weibo.com/1824015157/OjGPu5w2f,5转 13赞 36评,这种案件的官方通报都是“伤人”“持刀伤人”“重大刑案”，其实罪名是故意杀人罪。,"“54岁了，如果没有精神疾病的话，持刀故意杀人，太吓人了。”
“管制类器具分类以及认定标准的外延也会被进一步扩大。”
“杀包含了伤，毕竟还是初步了解，这么说是比较妥当的”",,
,,,,无,喵星人Henry,个人博主,#上海地铁发生持刀伤人案3人受伤##上海地铁持刀伤人嫌犯被抓获# ​​​,https://weibo.com/7791867655/OjGzXnHqd,23转 158评 602赞,"上海地铁合川路站内发生一起持刀伤人案件。3人受伤。

这个刀是怎么带进去的呀？？地铁不都要安检[笑cry]

这个老头这下好了，晚年有着落了","“现在地铁检查简直就是忽悠，大包安检，小包打开看一下，结果人一多，大部分人包包根本不过安检，背着就进去了”
“上海地铁安检不严的，高峰期更加不严。背个小包的，不过机器也行，拉开来象征性看看”",,
,长春市宽城区持刀伤人案,2023-06-01,火车站 公共安全,长春市宽城区持刀伤人案告破,长春公安,其他（官方通报）,无,https://weibo.com/3259204927/F2oznsgV3?refer_flag=1001030103_,144转 2评 164赞," 5月9日19时42分，长春市宽城区国际商业中心附近发生一起持刀伤人案件，犯罪嫌疑人王运维（男，1966年出生，农安县人）持刀将18名过路行人扎伤。长春市公安局宽城分局巡逻民警及时赶到现场，果断开枪将其击伤后抓获。受伤群众均被送往医院救治，无生命危险。
       据犯罪嫌疑人王运维的家人称，王运维曾因患精神疾病到医院就诊。目前，此案正在进一步调查中。",,,
,,,,【吉林检察机关批捕长春火车站持刀伤人案嫌疑人】,最高人民检察院,其他（官方通报）,无,https://weibo.com/5053469079/F5bqawJc7,66转 39评 63赞,日前，吉林省长春市宽城区检察院以涉嫌故意杀人罪批捕长春火车站砍伤14人案件的犯罪嫌疑人王运维。5月9日19时42分许，在长春市宽城区汉口大街上，发生一起恶性持刀伤人事件，造成14名路人受到不同程度伤害，犯罪嫌疑人被当场抓获。,,,
,,,,连捅26人被判死缓！2017年长春火车站前持刀伤人案一审审结！,长春太威武,个人博主,#长春爆料# ,https://weibo.com/1558725752/Hx0KJwVS3?refer_flag=1001030103_,0转 9评 12赞,"“2017年5月9日19时40分许，被告人王运维在吉林省长春市宽城区长春国际商业中心门前，汉口大街、长春站前公交转换站附近用尖刀陆续将被害人赵某、吉某、黄某、王某等26人扎伤，后被接到报警赶来的公安人员当场抓获……”

时隔两年，那起发生在长春火车站前的持刀伤人事件已经淡出人们的记忆。近日，长春市人民检察院公开发布的一份起诉书，让这起案件重新回到我们的视线。","一个精神病啥都解决了
回复： 那也不是说是就是啊  需要鉴定的  确实有。

不知道是不是咱们国家的法律程序这样啊啊！还是都这样？事实已经明了了，两年多才有了大家都不是特别满意的结果，这犯罪成本也太低了

迷一样的死缓",,
,,,,吉林长春：批捕长春火车站持刀伤人案嫌疑人,长春小满,新闻媒体 ,#长春身边事#,https://weibo.com/2026873597/F5c55kH36?refer_flag=1001030103_,3转 8评 13赞,2017年5月9日19时42分许，在长春市宽城区汉口大街上，发生一起恶性持刀伤人事件，造成14名路人受到不同程度伤害，部分被害人身受重伤，一度危及生命，案发后犯罪嫌疑人王运维被巡逻民警当场抓获。该案发生后，被演绎成各种版本在网络上广泛传播，一度引发民众恐慌。对此，长春市宽城区检察院迅速启动提前介入机制，指派检察官在第一时间了解案件情况，在证据的收集、固定等方面指导公安机关展开侦查，就案件的定性与法律适用等问题与公安机关进行深入分析，着重提示办案人员尽快对犯罪嫌疑人进行司法精神病学鉴定，对其是否具有刑事责任能力进行准确评定。经吉林省公安厅安康医院司法鉴定中心鉴定：犯罪嫌疑人王运维患有癔症性精神障碍，属于限制刑事责任能力，应当承担刑事责任。,"干得漂亮！这种危害社会的人绝对不能姑息！

就应该让他承担刑事责任！

精神病也是人吧，犯罪就应该承担责任！

看审讯他的那个短视频了嘛？政府给他免费看病，各方之前也都帮助他，就这么回报社会，在看他答那几句话，那杀都杀了能怎么办？一副无赖样，活不起的表现",,
,湖南故意伤害案,2024-05-20,故意伤害案,湖南发生故意伤害案致2死3伤,翻滚的小肉肉,个人博主,#湖南发生故意伤害案致2死3伤#,https://weibo.com/6238911936/PE90S6lB9,1转 7评 25赞,2025年8月3日18时许，湖南省耒阳市蔡子池街道辖区发生故意伤害案件，共造成2人死亡、3人受伤。什么仇什么怨，以至于发生命案，大家能不能情绪稳点些。,,,
,,,,湖南发生故意伤害案致2死3伤,爱笑的人很加分,个人博主,#湖南发生故意伤害案致2死3伤#,https://weibo.com/5733335063/PEetWl05I,42转 132评 1272赞,"2025年8月3日18时许，湖南省耒阳市蔡子池街道辖区发生一起故意伤害案件，造成2人死亡、3人受伤。嫌疑人段某超（男，31岁）已被抓获。

事发地点在耒阳若兰小学门口附近，一名三十岁左右的男子持刀伤人，他从路口冲进来，手上拿了一把刀砍人，冲进麻将馆砍。目前，伤员均已送医救治，暂无生命危险，善后处置、案件侦办等工作正在全力进行中。","精神病？能不能判死刑？精神病免责这个事我是一直不理解的

回复：什么逻辑啊，就这样吧，话不投机半句多🤷‍♂️
回复：这好办，让精神病人给他执行死刑
回复：“太阳之所以能升起全靠公鸡打鸣”是吧？好吧，请便😔
回复：法制在不断推动和完善的，群众的呼声可以推动这个过程。
回复：专业的事就让专业的人去做呗，人要有自知之明，知道自己会什么不会什么😔
回复：那就好好讨论关于这种有可能造成高危行为的精神病的管制问题吧。想要免责，那就做好限制。
回复：我也是说，以前看的山上的熊如果吃人了都一定要杀掉，精神病既然已经控制不住自己攻击别人了，为啥不能死刑，就当让正常的他解脱了呗
回复：不太像丧失了辨认能力，他还会选小孩。
回复：看看露思，精神疾病，不就是金牌。这还带动这类病，以后想怎么样就怎么样。热搜越来越魔性。而且特意选择来压这新闻，巧的也是昨天她折腾，晚上六点就出事，不知道凶手是不是也爱冲浪。
回复：精神病杀了人不更应该处死别再祸害正常人了吗？
回复：不是精神病
回复：为了跟西方接轨搞得精神病免责
回复：还有未成年不担责！也要改！！！！！！无论犯罪分子，有没有病，是否成年，都应该按他的罪行来判罪！！！！！！
回复：很多犯案的时候根本没发病，就是单纯的自己不好过报复社会而已，因为它自己是个没用的废物深井冰
回复：精神不正常他知道不去砍壮汉知道自己干不过 脑子清醒的知道要去砍小孩是吧
回复：一个精神病，还有一个未成年，真的是两大免死金牌
回复：用正常人的思维逻辑去强行探究不正常人的言行举止，这本身就是一种不正常。
回复：是的不是看女士就是小孩
回复：不是精神病吧，杀了人还知道回家换衣服呢
回复：不砍大汉，砍手无缚鸡之力小孩
回复：因为精神病发病的时候是不可控的，完全丧失辨认或控制能力",这个评论区有很多我觉得对RQ比较有用的data，有点长，目前不确定嫌疑人是否有精神疾病。新闻报道里没有指向。,
,,,,无,萤火虫在线,个人博主,#湖南耒阳男子持刀造成2死3伤##湖南2死3伤故意伤害案嫌疑人被抓获##热点观点#,https://weibo.com/6026921854/PEePreu4X,7转 59评 128赞,此案暴露出的公共安全风险与心理干预缺失问题，亟待社会多方协同解决。当地居民强烈谴责针对弱者的暴行，要求严惩凶手。教育部门已通知暂停暑期补习，部分家长因心理阴影带孩子离开事发地。事件引发对“社会戾气”和极端犯罪防范的讨论，舆论呼吁加强公共安全及心理健康干预机制。愿逝者安息，伤者早日康复,,,
,湖北恩施涉校刑事案件,2023-09-15,小学伤人,湖北恩施涉校刑事案件：8名学生死亡，案件嫌犯曾捅女友40多刀，去年出狱…,北京人不知道的事儿,个人博主,无,https://weibo.com/1662214194/I5cFPmeKb,1085转 1037评论 6032赞,9月2日8时许，恩施市朝阳坡村发生一起涉校刑事案件，致8名学生死亡、2名学生受伤。犯罪嫌疑人于某被恩施警方现场抓获。初步查明，犯罪嫌疑人于某系本地人，男，40岁，未婚，此前曾因感情问题捅女友40多刀，涉故意杀人（未遂）被判9年，其间获减刑一次，实际服刑8年多，去年出狱。,"这样极端危险分子捅40刀，判9年，应该终生无期徒刑，现在放出来，出大事了！中国的法律还是要尽可能细化，针对极端危险人士，一定要顶格上限从重！

当时这个负责判刑9年的法官，请问你看到这条新闻做何感想


当初只判九年就欠考虑。杀人也得分作案动机、手段和被害者伤情考虑。就因为被害者还没断气就判未遂，她被捅了几十刀据说还被挖掉眼镜，就因为还剩一口气就判未遂这也也太说不过去了，没准凶手就想让被害人生不如死呢。",,
,,,,【湖北恩施一小学发生伤人事件 10名学生受伤】,观察者网,新闻媒体 ,无,https://weibo.com/1887344341/I53EHraz2,93转 277评论 1648赞,"据中国硒都网消息，今日8时许，湖北省恩施市白杨坪镇朝阳坡小学发生一起伤人事件。初步了解，有10名学生受伤，伤势正在进一步核实中，受伤学生已送往医院救治。
州市领导高度重视，恩施市政法委、市公安局、市教育局、市卫健局及白杨坪镇等单位正在现场处置，嫌疑人已被公安机关控制。",自己过得不如意，请安安静静的去结束,评论区评论并不significant,
,,,,【死刑！湖北恩施伤害小学生致8死案罪犯今日执行】,中国长安网,新闻媒体 ,无,https://weibo.com/5617030362/ImKOQ2SoW,108转 103评论 333赞,12月27日，湖北省恩施土家族苗族自治州中级人民法院遵照最高人民法院下发的执行死刑命令，对在恩施市白杨坪镇朝阳坡小学杀害学生的罪犯于华执行死刑。9月2日8时许，恩施市朝阳坡村发生一起涉校刑事案件，致8名学生死亡、2名学生受伤。犯罪嫌疑人于某系朝阳坡本地人，男，40岁，未婚。,"惩罚不可饶恕之罪，便是死刑存在的意义

愿这样骇人听闻的案件永不再有！",,
,,,,【湖北恩施一#男子闯小学砍伤10名学生# 附近居民：行凶者刚刑满释放】,法制日报,新闻媒体 ,#男子闯小学砍伤10名学生# ,https://weibo.com/2087169013/I55wjtrUT?pagetype=detail,84赞 207评论 608赞,9月2日8时许，湖北省恩施市白杨坪镇朝阳坡小学发生一起伤人事件。初步了解，有10名学生受伤，伤势正在进一步核实中，受伤学生已送往医院救治。目前，嫌疑人已被公安机关控制，案件进一步调查中。附近居民称该男子刚刚刑满释放。,"建议修改部分刑法，不能让那些犯了罪出来的人，觉得监狱里是个舒服的地方。去矿山砸石头啥的，就像以前集中营里的那样，让他们知道什么叫惩罚[摊手][摊手][摊手]不然他们出来觉得还不如监狱里只想着再搞事情进去，祸害了无辜的人。
回复： 你以为是以前？不懂就别bb了，显得很无知懂吗？那为啥取消劳改制度，死刑犯遗体强制捐献，以及慎用死刑和诸多犯罪取消死刑上限，中国不是朝鲜，与世界接轨这是必然的。
回复：中国为了加入世卫，与世界接轨，不惜把其他国家的垃圾往国内运，后来腰板硬气了，直接拒收。不是国际上所有的东西都适合中国，资本家的民主都是泡沫。苏联那一套当年在国内也不适合，中特为什么叫中特，那是因为只有中国才有的。有些东西还没改回我们自己的模式，那是因为时机还不够。

“行凶者刚刑满释放”。建议修改刑法了，有些暴徒，限制减刑。因为法律既然改造不好他，就让他长久的待在里面吧。伤害学生，又一次伤害了人们的底线了。
",,
,,,,无,何老师看电影,个人博主,#湖北恩施发生涉校刑事案件# ,https://weibo.com/2533150493/I58To88jW?refer_flag=1001030103_,364赞 537评论 3358赞,湖北恩施一男子闯小学砍伤10名学生，附近居民：行凶者刚刑满释放。半夜看到这个，真的很痛心，想到现在的一些中小学，门卫警都是大爷们看着！虽然门卫亭上面挂着警室牌子，但很少有安保人员常在！这个一定要加强管理啊,"这种反社会人格的人太恐怖了

回复：拿小学生撒气，真心不是君子
回复：可别侮辱君子
回复：这已经是泯灭人性的魔鬼了好吗，还什么君子。。。
回复：就是存在严重的心理问题
回复：坐牢哪里像电视剧那样出来悔过自新，只会让人变的更可怕，别问我怎么知道的，身有体会，思想变的更扭曲，毕竟坐牢都没什么好人。我老公哥哥坐牢8个月出来，根本没变化，反而性格更吓人，我真的要远离，都准备搬家了，最近做出来的事让人害怕",,
,广西梧州旺甫小学保安持刀伤人,2020-06-04,小学伤人,广西一小学保安持刀砍伤多人,中国新闻网,新闻媒体 ,#广西一小学保安持刀砍伤多人# #广西苍梧通报小学门卫砍人事件#,https://weibo.com/1784473157/J54msDEoB?refer_flag=1001030103_,114赞 327评论 1156赞,广西梧州市苍梧县官方4日通报，当日上午8时30分，在苍梧县旺甫中心小学发生一起持刀伤人事件。事件导致39人受伤，其中2人伤势稍重，伤者已全部送往医院救治，无生命危险。经初步核查，受伤人数39人，其中学生37人轻微伤，成人2人伤势稍重，已全部送往医院救治，无生命危险。据了解，持刀伤人者系一名李姓保安，男性，年龄约50岁，目前该名保安已被控制。,"无论生活怎么对不起你，但这些孩子并没有错。
回复：这个就是报复社会
回复：都是学前班的孩子啊
回复：无差别攻击事件背后一定有深层次原因
回复：不管有什么前因后果，都不应该是这样的结果
回复：他经历了苦难，就应该让无辜的人也经历苦难？不想活就自己死去，为什么非得拉无辜的人垫背？
回复：孩子得罪他了？？
回复：不了解前因后果，不轻易下评论。


不会又是精神病吧？

保安？？？砍人？？是精神不正常还是什么因素",这个评论区有很多我觉得对RQ比较有用的data,
,,,,广西一小学保安持刀砍伤多人,人民日报,新闻媒体 ,#广西苍梧通报小学门卫砍人事件#【#广西梧州一小学门卫砍伤多人#,https://weibo.com/2803301701/J54i5b3Jj?refer_flag=1001030103_,1210转 1520评论 1.5万赞,"4日上午，广西梧州市苍梧县旺甫镇一小学发生砍人事件，多名学生被砍伤，伤者已被送往当地卫生院救治，嫌疑人已被警方控制。
据当地通报，约在当天上午8:30分旺甫镇中心小学校内发生一名保安持刀砍伤多名学生和教职工重大突发事件。接到通知后，相关人员立即赶赴现场开展救援工作。据现场初步统计，受伤学生和教职工约有40名，其中重伤3人，分别为旺小校长、另一名保安、一名学生。当时已立即组织受伤人员到旺甫镇卫生院进行初步止血包扎，截至目前，已联系由市人民医院、工人医院、红会医院派出共8辆救护车将受伤的学生和教职工护送到市区医院进行救治，已联系上的部分受伤学生的家长陪同到医院。
据了解，持刀伤人保安叫李小民（口述）, 男性，年龄约50岁，目前该名保安已被控制。进一步情况待续报。","不想知道背后故事，只想尽快解决事情，孩子恢复健康

这种人应该死刑 出来了还是会祸害别人

冤有头债有主，谁是你的主找谁去，不要伤害无辜的人和学生。希望牢底坐穿，别让这种神经病出来祸害人家了。",这个评论区有很多我觉得对RQ比较有用的data,
,,,,梧州中院对苍梧县旺甫镇中心小学持刀伤人案李小文被判死刑,三联生活周刊,新闻媒体 ,#广西小学持刀伤人案嫌犯被判死刑#,https://weibo.com/1191965271/JjGXgrvEB?refer_flag=1001030103_,8转 32评论 223赞,9月8日，梧州市中级人民法院对苍梧县旺甫镇中心小学持刀伤人案进行一审宣判，以被告人李小文犯故意杀人罪，判处死刑，剥夺政治权利终身。梧州市中级人民法院经审理认为，被告人李小文为泄私愤，在校园内肆意持刀砍杀多名师生，故意非法剥夺他人生命，其行为已触犯《中华人民共和国刑法》第二百三十二条之规定，构成故意杀人罪。李小文犯罪动机极其卑劣，犯罪情节极其严重，手段特别残暴，社会危害、影响极大，依法应予严惩。（“梧州中院”微信公众号）,"判的好，对弱者下死手的不配留在阳间

在拍手喝采之前 我們希望見到事件的完整報告 包括雙方的陳述辯解 而不只是簡單的通報 就評論是非",,
,,,,广西一小学保安砍伤40人,光明日报,新闻媒体 ,#广西一小学保安砍伤40人#,https://weibo.com/1402977920/J543fjlKg?refer_flag=1001030103_,28转 61评论 110赞,上午，广西梧州市苍梧县旺甫镇中心小学发生一名保安持刀砍伤40名学生和教职工的事件，其中重伤3人，分别为小学校长、另一名保安、一名学生，已送医救治。砍人保安姓李，约50岁，目前已被控制，案件正在调查中。（光明日报全媒体记者 周仕兴）,"有些人，仇恨社会，却只敢向没有还手之力的人发泄。真的是心理阴暗

本应该保护学生的人，坐牢去吧

保安的作案动机是什么，为什么要砍伤无辜的孩子？希望有关部门对此次事件详细调查严肃处理，将完整的事件及后续事件及时公布。",,
,,,,#广西梧州一小学发生砍人事件# 多名学生受伤,侠客岛,个人博主,#广西梧州一小学发生砍人事件#,https://weibo.com/5476386628/J53IBevju?refer_flag=1001030103_,474转 1282评论 4820赞,"今日上午，广西梧州市苍梧县旺甫镇一小学发生砍人事件。据现场初步统计,受伤学生和教职工约有40名，其中重伤3人，分别为旺小校长、另一名保安、一名学生。伤者已被送到市区医院进行救治。据了解，持刀伤人保安叫李小民(口述) , 男性，年龄约50岁,目前该名保安已被控制。","冤有头债有主 有纠纷 想玉石俱焚 也不该伤害无辜的孩子
回复： 心理有问题

天哪！干嘛要伤害孩子，天杀的，千刀万剐

不会又有精神病吧

回复：他只是说这种事大多数是精神病，并没说全部都是；也可能有反社会的人。
回复：现在精神病患者这么多，普通人根本无法分辨。
回复：行凶的时候没毛病（不认为是精神病）。
回复：反正心理不平衡就对了，正常人不干这种事。
回复：砍学生这种事，不是精神病真搞不出来。
回复：“借口”不是借口，是法律规定；但为什么要因此轻判、会不会被滥用？
回复：很多人上诉为免刑自称精神病，但查实后其实神智正常。
回复：只找弱小下手的更像“有意识挑软柿子捏”，不一定是精神病。
回复：精神病也不是总处于发病状态；理想情况应做背景调查和精神状态评估。
回复：现实里一些安保岗位门槛低、工资低、评估不足，心理筛查整体需要加强。
",,
,江西一男子幼儿园行凶,2022-08-03,幼儿园伤人,#江西一男子幼儿园行凶致3死6伤# ,环球时报,新闻媒体 ,#江西一男子幼儿园行凶致3死6伤# ,https://weibo.com/1974576991/LFj5ocFww?refer_flag=1001030103_,65转 149评论 666赞,据@安福发布 ：2022年8月3日10时22分，江西省吉安市安福县发生一起命案。一歹徒戴鸭舌帽及口罩持械窜至安福县城某私立幼儿园行凶伤人，造成3死6伤。经侦查，初步锁定犯罪嫌疑人刘某辉（男，48岁，安福县寮塘乡人）。目前，公安机关正在全力追捕犯罪嫌疑人。,"对无辜的小孩下手，必须死刑

这玩意，直接死刑，立即执行，就别给他多活一天",,
,,,,警方通报：江西吉安一幼儿园发生命案致3死6伤 江西幼儿园命案已锁定犯罪嫌疑人,百姓关注,新闻媒体 ,"#江西幼儿园命案已锁定犯罪嫌疑人#
#江西一歹徒幼儿园行凶致3死6伤#
#江西一男子幼儿园行凶致3死6伤#",https://weibo.com/1647210043/LFhwF6w0o?refer_flag=1001030103_,2606转 1万评 12.3万赞,8月3日上午10时许，江西吉安安福县一男子窜至某幼儿园，持械行凶，造成3死6伤。经过警方侦查，初步锁定犯罪嫌疑人刘某辉（男，48岁，安福县安福县寮塘乡人），截至3日下午14时，警方正在全力追捕犯罪嫌疑人。,"直接死刑吧！谢谢！其它不说了。

多少个家庭支离破碎",,
,,,,无,致我们,个人博主,#江西一男子幼儿园行凶致3死6伤# ,https://weibo.com/1909111815/LFhy71RM7?refer_flag=1001030103_,52转 225评 2661赞,"这样的新闻见一次心惊一次、见一次愤怒一次、见一次也心凉一次。人心都是肉长的，为什么总有人心如铁石、狠毒如斯？

面对纯真且柔弱，对这个世界充满美好向往的小孩子，举起手中的屠刀，于心何忍？

我始终觉得，对小孩子下手，什么精神有问题或者曾经受过其他刺激，都不能成为借口。

为什么他们选择幼儿园小孩子下手？很显然，在他们的心里有较为明确的认识：一是小孩子没有反抗能力；二是对小孩子下手，社会反响较大。

每一个受伤甚至死亡的孩子背后，都是一个或几个家庭长期难以愈合的伤痛。

为什么幼儿园砍人事件多次上演？为什么最需要防范的地方这么疏于防范？

我只想知道：我们做了什么？我们该怎么办？以后我们又将如何？

这是我的沉痛，也是我的困惑。","作为一个母亲，真的心非常痛了，该如何保护我们家人，孩子，自己？

幼儿园小学中学能不能别用便宜老头子做保安了！

如果是安福县zf没有正规手续强拆。带了几十号人，一边笑着看手下拖拽七八十岁老人。一边威胁老人的家人小孩。你们会不会觉得这种地方发生这种事情很正常。",,
,北京持刀伤人案致5伤,2024-10-28,持刀伤人,海淀警方通报持刀伤人案件：5人受伤其中3人未成年，无生命危险,ETtoday新闻云,新闻媒体 ,"#北京被持刀刺伤5人无生命危险#

#北京发生一起持刀伤人案致5伤#",https://weibo.com/2342024544/ODEzc89gt?refer_flag=1001030103_,1转 6赞,2024年10月28日15时20分许，海淀区万泉庄路和万柳中路交叉口附近，发生一起持刀伤人案件，导致5名路人受伤，其中3名未成年人。犯罪嫌疑人唐某某(男，50岁)被当场控制，伤者及时送医治疗，无生命危险。目前，案件正在进一步调查中。（海淀公安）,,这个事件有三个新闻报道，而且是官方新闻报道，但热搜话题tag点进去被block，无评论,
,,,,警方通报：#北京发生一起持刀伤人案致5伤#，#北京刺伤三未成年人嫌疑人被当场控制#,北京广播电视台,新闻媒体 ,#海淀发生持刀伤人事件# ,https://weibo.com/6868583654/ODEtlbQ5F?refer_flag=1001030103_,1评,"刚刚，北京市公安局海淀分局发布通报：

10月28日15时20分许，海淀区万泉庄路和万柳中路交叉口附近，发生一起持刀伤人案件，导致5名路人受伤，其中3名未成年人。犯罪嫌疑人唐某某(男，50岁)被当场控制，伤者及时送医治疗，无生命危险。目前，案件正在进一步调查中。",,,
,,,,警方通报：#北京被持刀刺伤5人无生命危险#,北京市第一中级人民法院,其他（官方通报）,#北京发生一起持刀伤人案致5伤#,https://weibo.com/3820915614/ODExMgRza?refer_flag=1001030103_,1评 5赞,2024年10月28日15时20分许，海淀区万泉庄路和万柳中路交叉口附近，发生一起持刀伤人案件，导致5名路人受伤，其中3名未成年人。犯罪嫌疑人唐某某(男，50岁)被当场控制，伤者及时送医治疗，无生命危险。目前，案件正在进一步调查中。（海淀公安）,,,
,吉林北山公园伤人案,2024-06-10,伤人事件,#吉林公安通报北山公园伤人案#,央视新闻,新闻媒体 ,#吉林公安通报北山公园伤人案#,https://weibo.com/2656274875/OiwqmCQTh?refer_flag=1001030103_,542转 1437评 8105赞,今天下午，吉林市公安局船营分局发布警情通报：6月10日11时49分，吉林市船营区北山公园发生伤人案件。属地派出所民警迅速赶到现场，第一时间将伤者送医救治，迅速抓捕犯罪嫌疑人。经查，崔某某（男，55岁，吉林市龙潭区人）在北山公园走路时与一名外籍人士发生碰撞，遂持刀刺伤该外籍人士和三名同行外籍人士，以及上前阻止其行凶的一名中国籍游客。犯罪嫌疑人崔某某当日被抓获。经了解，四名外籍人士来自美国爱荷华州康奈尔学院，受邀在北华大学授课。目前，伤者均得到妥善医治，无生命危险。案件侦办等相关工作正在进一步开展中。,"什么人出门会随身携带刀啊？

谁出门带刀，概率比较低了，还是老外，概率也低吧，还有老外背景这么凑巧又不是那么简单。所以这么多小概率事件一起。不预谋都不信。",,
,,,,吉林砍人案凶手被捕！警告诉伤者：他失业，最近比较倒霉,ETtoday新闻云,新闻媒体 ,#吉林公安通报北山公园伤人案# #吉林4名外籍人员被刺伤# ,https://weibo.com/2342024544/OiDCkpSHX?refer_flag=1001030103_,66转 133评 468赞,吉林北山公园10日发生砍人事件，受害者为4名美国籍教师，及一名上前阻止的大陆游客。其中一名伤者David Zabner在接受美国媒体采访时表示，当地警方告诉他，55岁的凶手崔大鹏是一名失业人士，最近比较倒霉：「我们当中有人与他发生碰撞，可能因此惹怒了他。」另外，吉林市公安局11日晚间也发出公告，称已逮捕嫌疑人崔大鹏。,"经济发展才是最大的社会治安的保证，经济下行，一切牛鬼蛇神都出来了。现在还有义和团的前兆

崔大鹏逛公园为什么带刀？而且是管制刀具

这样的事、发生在中国感觉是那么的违和、发生在美国感觉是那么的自然",,
,上海松江男子超市持刀伤人,2024-09-30,伤人 持刀 伤害,上海松江警方：男子超市内持刀伤人，3死15伤,凤凰网,新闻媒体 ,无,https://weibo.com/2615417307/OzrIuFRWK?refer_flag=1001030103_,2101转 1793评 1.8万,"2024年9月30日21时47分，松江公安分局接报警称，松汇中路某超市内有一男子持刀伤人。

接报后，民警迅速到场，犯罪嫌疑人林某某(男，37岁) 被当场抓获，18名受伤人员马上送医救治，其中3名伤者抢救无效死亡，其余伤者无生命危险。

据初步侦查，林某某因个人经济纠纷，来沪泄愤实施上述行为。案件在进一步侦办中。","丧心病狂的凶手，被抓的视频还在笑…

受伤的人里还有孩子，只能说已经丧失人性了
",,
,珠海男子驾驶汽车撞倒多名行人,11/11/2024,撞人 逃逸,珠海警方通报一男子驾驶汽车撞倒多名行人，体育中心通告：即刻起暂停开放,羊城晚报,新闻媒体 ,无,https://weibo.com/1497087080/OFO2PxnEU,131转 97赞 600评," 11月11日晚，珠海公安通报：2024年11月11日19时48分许，一辆小汽车在珠海市香洲区体育中心撞倒多名行人后驾车逃逸。警方接报后迅速派员到场处置，并协助将伤者送往医院救治。

目前，司机樊某(男，62岁)已被警方控制，相关调查处置工作正在加紧进行中。

珠海市体育中心11月11日通告：珠海市体育中心即刻起暂停开放，恢复开放时间待定。（综合珠海公安、珠海市体育中心",62了，自己跳海好过啦，干啥要连累别人...,,
,,,,珠海体育中心撞人事件幸存者发声，当晚有6支徒步队在锻炼,态度岛,新闻媒体 ,无,https://weibo.com/1199581807/OFXjNvYwV,8转 15评 76赞,"35死43伤，珠海市体育中心发生的汽车撞人事件可谓人神共愤。这场惨绝人寰的悲剧背后，竟然是因为一名年过六旬的男子疑因对离婚财产分割不满而蓄意对社会报复。
11月12日晚，珠海警方发布警情通报，称11月11日晚19时48分许，62岁的樊某驾驶一辆小型越野车强行闯闸进入体育中心跑道，冲撞正在锻炼的市民。作案后樊某试图驾车逃逸，被警方控制后试图自杀被制止。",是徒步队人多，才有这么大的伤亡人数,,
,,,,习近平对广东珠海市驾车冲撞行人案件作出重要指,中国长安网,新闻媒体 ,无,https://weibo.com/5617030362/P00ku0J13,123转 31评 80赞,11月11日晚，广东珠海市香洲区体育中心发生驾车冲撞行人案件，截至目前，已造成35人死亡、43人重伤。案件发生后，中共中央总书记、国家主席、中央军委主席习近平高度重视并作出重要指示指出，广东珠海市香洲区体育中心发生驾车冲撞行人案件，造成重大人员伤亡，性质极其恶劣。要全力救治伤员，精心做好伤亡人员及家属安抚善后工作。要依法严惩凶手。各地区和有关部门要深刻汲取教训、举一反三，加强风险源头防控，及时化解矛盾纠纷，严防发生极端案件，全力保障人民群众生命安全和社会稳定。 ,评论关闭,,
,无锡职业技术学院持刀伤人,2024-11-16,持刀伤人,宜兴无锡工艺职业技术学院发生一起持刀伤人案件,央视新闻,新闻媒体 ,无,https://weibo.com/2656274875/P0CtmsS74,3.2万转 1万评 5.3万赞,警情通报图片,评论精选,,
,,,,,ibingo,新闻媒体 ,#无锡校园持刀伤人案罪犯被执行死刑##徐加金被执行死刑#,https://weibo.com/5679508036/ParPH1oXK,23转 148评论 739赞,无锡工艺职业技术学院致8死17伤，已执行死刑。 ​​​,"这个死刑是枪决还是注射死刑？

这种人应该用粉碎机执行

",,
,,,,无锡校园持刀伤人案罪犯被执行死刑,三联生活周刊,新闻媒体 ,#无锡校园持刀伤人案罪犯被执行死刑#,https://weibo.com/1191965271/PasjXww0e,20转 25评 135赞,"据央视新闻客户端消息，2025年1月20日，江苏省无锡市中级人民法院收到最高人民法院的刑事裁定书和执行死刑命令后，依法对徐加金执行了死刑。无锡市人民检察院依法派员临场监督。临刑前，徐加金与其近亲属进行了会见。

据此前报道，2024年11月16日18时30分左右，无锡工艺职业技术学院发生一起持刀伤人案件，共造成8人死亡、17人受伤，犯罪嫌疑人被当场抓获。经调查，罪犯徐加金系该学院2024届实习生，因考试不合格未拿到毕业证书以及对实习报酬不满，遂回校发泄行凶。

2024年12月17日，无锡市中级人民法院以故意杀人罪判处徐加金死刑，剥夺政治权利终身。宣判后徐加金服判，江苏省高级人民法院复核后报请最高人民法院核准。最高人民法院经复核认为，徐加金故意非法剥夺他人生命，犯罪情节特别恶劣，犯罪后果特别严重，罪行极其严重，依法应予严惩，遂依法核准徐加金死刑。",评论防火墙开启，部分内容不展示,,
,,,,江苏省委书记：深刻反思、深刻警醒、深刻汲取教训​​​,观察者网,新闻媒体 ,#江苏省委书记批示无锡职校持刀伤人案#,https://weibo.com/1887344341/P0IQ42MC4,24转 35评 211赞,"11月16日晚，无锡工艺职业技术学院发生持刀伤人案件，造成重大人员伤亡。江苏省委书记信长星接报后立即作出批示，安排相关省领导赶赴现场指导处置工作，并连夜召开会议对伤员救治、善后处置、案件侦办等作出部署。17日上午，信长星主持召开全省视频会议，听取案件处置进展情况汇报，进一步部署相关工作。

信长星指出，在珠海驾车冲撞行人案件发生不久，我省发生如此惨痛案件，性质恶劣、影响恶劣，令人十分痛心，必须深刻反思、深刻警醒、深刻汲取教训。要调集专家力量全力救治伤员，精准施治、精心护理，尽最大努力挽救生命，努力让受伤人员早日康复。要悉心耐心做好伤亡人员及家属安抚善后工作，对他们进行情绪疏导、心理抚慰，帮助解决实际困难。要加快案件调查进度，尽快查明案情，依法严惩凶手，有效震慑犯罪、安定人心。要及时发布权威信息，回应社会关切。",评论精选,,
,,,,法治日报评论员：#依法严惩重大恶性犯罪绝不手软#,法治日报,新闻媒体 ,#珠海驾车撞人案罪犯被执行死刑##无锡校园持刀伤人案罪犯被执行死刑#,https://weibo.com/2087169013/Pasf2rUZy,82转 110评论 665赞,【法治日报评论员：#依法严惩重大恶性犯罪绝不手软#】#珠海驾车撞人案罪犯被执行死刑##无锡校园持刀伤人案罪犯被执行死刑#1月20日，经最高人民法院核准，珠海市、无锡市中级人民法院分别对樊维秋、徐加金执行了死刑。对此，广大人民群众无不拍手称快。,无,,
,深圳日本人学校学生被刺,2024-09-18,伤害 学生,深圳日本人学校被刺学生不幸去世，警方通报称嫌犯为单人作案已依法刑拘,观察者网,新闻媒体 ,#深圳通报刺伤学生案件#,https://weibo.com/1887344341/OxQj6xMI4?refer_flag=1001030103_,81转 556赞 2670赞,9月18日，深圳日本人学校的一名学生在上学途中被歹徒持刀伤害，最终抢救无效于19日凌晨去世。记者从深圳警方获悉，经调查，该案属偶发个案，犯罪嫌疑人钟某对持刀伤害学生行为供认不讳，已被依法刑拘，案件正在进一步侦办中。,"日本人应该好好反省下

一切针对孩子的犯罪都不可饶恕
",,
,,,,警惕美化暴力行为别为犯罪找借口,红星视频,新闻媒体 ,"#向孩子举起屠刀击穿人伦底线#
#深圳学生被刺事件嫌疑人身份曝光#",https://weibo.com/1908194624/OxTCEnRPv?refer_flag=1001030103_,35赞 190评 879赞,两天以前，深圳日本人学校一名学生遭遇持刀伤害，虽经全力抢救，还是没有能够留住这个10岁孩子的生命。据南方都市报报道，深圳市日本人外籍人员子女学校是由富士胶片制造（深圳）有限公司发起，深圳日本商工会会员企业捐资、经教育部批准设立的非营利性全日制外籍人员子女学校，学生均为居住在深圳市及其周边地区且拥有日本国国籍的适龄儿童。,"看了评论，有些可怕！我们不能忘记历史，但是我们现在也不能泯灭人性

向孩子举起屠刀的都是罪人，所以杀害的中国孩子的日本人也是罪人，请一并谴责

",,
,,,,中新网评：面对伤人案，#中国社会始终与善良正义站在一起#,中国新闻网,新闻媒体 ,#中国社会始终与善良正义站在一起#,https://weibo.com/1784473157/OxQxEtSm8?refer_flag=1001030103_,246转 263评 889赞,9月18日，深圳日本人学校一名10岁学生被刺后去世，备受民众关心和舆论关切。外交部发言人林剑在19日的例行记者会上表示，中方对发生这样的不幸事件表示遗憾和痛心。目前，案件还在进一步调查中。,"孩子是无辜的

个别事件不能以偏概全，挑起对立。 ",,
,北京海淀小学门口持刀伤人,2024-10-28,小学 砍伤,海淀警方通报一男子小学门口砍伤多名学生：嫌犯已被控制,新京报教育新闻,新闻媒体 ,无,https://weibo.com/1760485657/ODEqBDjlr?refer_flag=1001030103_,2转 1评 8赞,据海淀公安通报：2024年10月28日15时20分许，海淀区万泉庄路和万柳中路交叉口附近，发生一起持刀伤人案件，导致5名路人受伤，其中3名未成年人。犯罪嫌疑人唐某某(男，50岁)被当场控制，伤者及时送医治疗，无生命危险。目前，案件正在进一步调查中。 ​​​,无,这个报道很少，应该是被和谐了,
,泰安一中学附近校车冲撞学生事件,2024-09-19,校车冲撞,山东致11死车祸司机与师生有矛盾？校方回应,新浪热点,新闻媒体 ,"#校方否认致11死车祸司机与师生有矛盾#
#校方否认泰安车祸司机与师生有矛盾#",https://weibo.com/2318910945/OvfUFkhFu?refer_flag=1001030103_,213转 1089评 9374赞,"据大风新闻：9月3日早晨，山东省泰安市东平县佛山中学附近路上发生一起严重的交通事故，一辆中巴校车撞向学生人群，造成24名学生和家长受伤，目前已致11人不幸身亡。受伤学生被紧急送医救治，司机被控制，事故原因尚在调查中。

3日上午，记者联系佛山中学，对于这名司机是否和学校师生有矛盾，工作人员明确表示：“没有，没有，具体情况你联系当地宣传部门。”

记者联系东平县公安局，民警证实正在调查处理，“已经到现场去处理，它是一个案子，需要向县委、县政府咨询。”该局民警随后电话回复记者称，需要联系县委宣传部。

记者联系东平县政府，工作人员答复称稍后会有官方发布通报。东平县委宣传部工作人员告诉记者，“我们新闻科的同事就在现场，我们下午要开新闻发布会，无法透露具体情况，我们现在正在处理。”
","这是报复社会吗？

“它是一个案子”是不是说明司机是故意的？还是说车被人动了手脚要报复谁呀？才开学两天呢，痛心啊

别到最后又说司机精神有问题",,
,,,,#泰安交通事故致十余名学生死伤#,观察者网,新闻媒体 ,#泰安交通事故致十余名学生死伤#,https://weibo.com/1887344341/OvfmTqD0S,77转 268评 914赞,"新华社9月3日消息，据山东省泰安市东平县相关部门，上午7点多当地一所中学门口发生一起严重交通事故，一辆接送学生的定制公交车冲进路边正在上学的学生人群中，目前已造成十几名学生死伤。

据央视新闻稍早前报道，今天早晨，山东省泰安市东平县佛山中学附近路上发生一起交通事故，一辆中型车撞向行人。司机已被控制。","接送学生的定制公交车冲撞学生？
- 回复： 报复社会吧

刹车失灵还是司机失误？
-回复： 我看是故意的",,
,,,,#山东泰安一中学附近发生交通事故#,东方网,新闻媒体 ,#泰安交通事故致十余名学生死伤#,https://weibo.com/1918021250/OvfBECdjQ,289转 788评 5155赞,据新华社消息，记者9月3日从山东省泰安市东平县相关部门获悉，上午7点多当地一所中学门口发生一起严重交通事故，一辆接送学生的定制公交车冲进路边正在上学的学生人群中，目前已造成十几名学生死伤。另据央视新闻报道，司机已被控制，目前当地正紧急组织受伤人员送医治疗。,"隔着屏幕都能感受到那些父母的超级绝望[泪] 哎，人间惨剧，到底是谁的责任？

我的天！十几个家庭就此破碎",,
,上海松江沃尔玛持刀伤人,2024-09-30,持刀伤人,无,隔b老周,个人博主,#上海松江沃尔玛#,https://weibo.com/6427263349/OztANbfZv,24转 96评 508赞,2024年9月30日晚9点47分，上海松江区松汇中路一家沃尔玛超市发生了严重持刀伤人事件。37岁的外地男子林某某因个人经济纠纷，在超市内进行了无差别袭击，导致18人受伤，其中3人不幸死亡。林某某在现场被警方控制，案件正在进一步侦查中。 ​​​,"前面的忘了，后面的忘了，反正我们中国比美国安全

什么经济纠纷，农民工讨薪未果，报复社会。",,
,,,,#陆十一假期前夕 上海大卖场爆持刀砍人酿 「3死15伤」！案发地疑为沃尔玛#,中天电视亚洲台FUN,新闻媒体 ,无,https://weibo.com/2815346324/Ozvn7pfO66,29转 48评 178赞,"大陆十一假期前夕，上海松江一处大卖场于9月30日晚间发生持刀伤人事件，造成3人死亡、15人受伤的惨剧。警方初步侦查指，犯嫌是因个人经济纠纷，到上海泄愤实施上述行为。
上海市公安局松江分局1日凌晨发布警情通报称，9月30日晚上9点47分，松江警方接报警称，松汇中路某量贩店内有一男子持刀伤人。接报后，警察迅速到场，37岁的犯罪嫌疑人林男被当场抓获。
通报指，18名受伤人员马上送医救治，其中3名伤者抢救无效死亡，其余伤者无生命危险。据初步侦查，林男因个人经济纠纷，来沪泄愤实施上述行为。案件在进一步侦办中。","两位在日本小孩被害期间在互联网上发善心的大善人，不能因此沉默，十分建议为我们自己被害的同胞献花，持续呼吁关注社会安全

这些案件是不是都是有预谋有引导的，为什么千里迢迢跑到主要城市来杀人？为什么在没有仇怨的地方杀人，需要好好查查潜在的目的。

",,
,,,,无,胡江波在北京,个人博主,无,https://weibo.com/1417206603/OzuhhCD5z,9转 17评 218赞,"事发上海松江沃尔玛，凶手37岁，男，林姓，因个人经济纠纷泄愤，刺伤18人，其中3人伤势过重死亡。
不敢找纠纷对象报仇，却挥刀刺向无辜者，是懦弱。 ​","杀害无辜的人，太可恨了！不管出于什么原因，都不可原谅。

冤有头债有主！伤及无辜你就是懦夫垃圾！",,
,上海瑞金医院持刀砍人案,2022-07-09,医院 伤人,【#上海瑞金医院持刀砍人案宣判#】,红星新闻,新闻媒体 ,#侯晓飞被判死刑#,https://weibo.com/6105713761/NpMSNh1fV,517转 1165评 1.7万赞,"2023年10月27日下午，上海市第二中级人民法院依法公开宣判被告人侯晓飞故意杀人案，以故意杀人罪判处侯晓飞死刑，剥夺政治权利终身。

上海二中院经审理查明，被告人侯晓飞因投资失败、无力偿还巨额债务等原因而对社会心生怨恨，决意以在公共场所持刀捅人的方式报复社会。2022年7月9日上午，侯晓飞携带装有单刃尖刀、折叠刀、破窗器等物的黑色双肩包，至本市瑞金二路197号上海交通大学医学院附属瑞金医院门诊大楼，持单刃尖刀连续捅刺、追砍多名在该院就诊的病患、陪同家属及医护人员，造成包括4名未成年人在内的6名被害人重伤，9名被害人轻伤、轻微伤，后被赶至现场的公安人员制服。

上海二中院认为，被告人侯晓飞为泄私愤而蓄意报复社会，在公共场所持凶器对多名无辜群众胸腹等要害部位进行捅刺，其杀人意图明显，危害后果严重，已构成故意杀人罪。

本案多名被害人因医院及时救治而脱离生命危险，侯晓飞虽系杀人未遂，但其犯罪动机极其卑劣，犯罪手段极其残忍，犯罪后果极其严重，社会影响极其恶劣且人身危险性极大，应予从严惩处。据此，依法作出上述判决。

被害人亲属、被告人亲属、市人大代表、市政协委员及社会公众等20余人到庭旁听了宣判。","连孩子都伤害的，就不是个人！！
回复： 他这估计最高院复核完还是死刑立即执行。社会影响太大了。没有余地

这是我见过最公正的判决。
",,
,,,,死刑！#上海瑞金医院持刀砍人案宣判#,中国长安网,新闻媒体 ,#上海瑞金医院持刀砍人案宣判#,https://weibo.com/5617030362/NpO3p1ZB6,185转 75评 139赞,今日下午，上海市第二中级人民法院依法公开宣判被告人侯晓飞故意杀人案，以故意杀人罪判处侯晓飞死刑，剥夺政治权利终身。2022年7月9日，侯晓飞在公共场所持刀捅人，造成包括4名未成年人在内的6名被害人重伤，9名被害人轻伤、轻微伤。,故意杀人罪没有可以从轻的情节一般都判死刑 法院判决合理量刑适当,,
,,,,上海瑞金医院有人持刀劫持群众被警方击伤制服，4名伤者在救治中,澎湃新闻,新闻媒体 ,#上海通报瑞金医院一男子劫持群众#,https://weibo.com/5044281310/LBtoljN1y,773转 1067评 1.1万赞,7月9日，上海黄浦公安接报称：#瑞金医院#有人持刀伤人。民警到场发现一男子在门诊部七楼持刀劫持群众。民警开枪将其击伤制服。目前，4名受伤群众在救治中，均无生命危险。,"挂着精神病的标签就可以乱伤人了吗

就算是精神有问题也难以原谅，保佑伤者无大碍！

医院里的群众不是自己就是家人生病了，有点良心能干出来这样的事吗",,
,,,,无,骨科袁锋,个人博主,#上海通报瑞金医院一男子劫持群众##上海疫情##瑞金医院砍人#,https://weibo.com/1213494361/LBtP99Av6,267转 237评 2931赞,"听听群众的呼声，管制刀具怎么能带进医院？安装安检有这么难吗？安保一定要主要负责安全保护，而不是只查核酸码健康码。

强烈建议医院安装安检系统。医院是患者看病的地方，也是医生治病救人的地方，来不得半点马虎，如果连医院医生和患者的生命安全都不能得到保障，那百姓如何能安心看病，医生如何能治病救人？","没必要吧 太牺牲效率了 不可能所有的场所都要安检的 以后大学要不要安检 商场要不要安检

",,
,,,,【#上海瑞金医院发生砍人案4人受伤# 】,北京时间,新闻媒体 ,#上海瑞金医院发生砍人案4人受伤# ,https://weibo.com/2992050891/LBtguAULN,216转 818评 9424赞,7月9日11时30分许，黄浦公安分局接110报警称：瑞金医院内有人持刀伤人。民警迅速到场处置，发现一男子在该院门诊部七楼内持刀劫持群众。在犯罪嫌疑人欲伤害人质和处警民警时，民警果断开枪将其击伤制服。目前，4名受伤群众正在救治中，均无生命危险。案件正在进一步侦办中。（上海市公安局黄浦分局）,祝愿受伤人员都无生命危险，早日康复，以后医院一定要有必要的安检，经济形势不好的时候，公共安全更要保障好,,
,红谷滩杀人事件,2019-05-24,故意杀人,#红谷滩杀人事件嫌犯被公诉#，受害者父亲：我再也无法开心,澎湃新闻,新闻媒体 ,#红谷滩杀人事件嫌犯被公诉#,https://weibo.com/5044281310/HFmZA49rb,4561转 1.8万评 40.1万赞,5月24日下午，24岁的实习律师沈芸（化名）下班后和朋友走在南昌红谷滩新区凤凰中大道，突然被万某弟从背后连续捅刀十余次，沈芸经抢救无效死亡。7月18日，人民检察院案件信息公开网发布消息称：近日，南昌市人民检察院以涉嫌故意杀人罪对犯罪嫌疑人万某弟依法提起公诉。据悉，万某弟持有“精神叁级残疾证”，需定期服药控制病情，但案发时他是否具备刑事责任能力，办案机关并未对外通报。沈芸的父亲沈国立说，以后不管遇到什么事都好，我都没法开心。“作为一个父亲，我想向社会呼吁，以后如果遇到这种情况，路人能不能伸出援手，哪怕只是呵斥一声。”,"希望精神病不是挡箭牌
回复：精神病杀人应该直接判死刑，给受害人报了仇，给精神病家属减轻了负担，也避免给社会大众造成恐慌，就算是对精神病自己也算是一种解脱。

精神病杀人的，是不是要重新考虑量刑，都治不好，还会继续杀人的可能性很大，本人也痛苦，安乐死算了。

神经病应该加重判刑！！！！！！持有精神证件对于社会危害较大的动物！！至少关50年以上！！！如有杀害致人死亡的精神病动物！直接枪毙！直系亲属也有连带责任！！！这样估计有些精神病就不会闹事了",,
,,,,【红谷滩杀人嫌犯被公诉 动画揭#精神病人行凶如何担刑责#】,新京报动新闻,新闻媒体 ,#精神病人行凶如何担刑责#,https://weibo.com/5463794433/HFAbWnFfg,12转 29评 135赞,7月18日，人民检察院案件信息公开网发布消息称，红谷滩杀人事件嫌犯万某弟被公诉。此前5月江西南昌，沈芸（化名）被万某弟连捅十余刀，经抢救无效死亡。据悉，万某弟持有“精神叁级残疾证”，那么精神病人行凶该如何担刑责？,"精神病不应成为逃脱法律处罚的理由

正常人杀人都偿命，精神病没有价值的人类不是更应该偿命吗，留着干嘛

果跟罪犯讲人权就是现代文明的话，那我宁愿退回到200年前，那样的话，最起码我可以自己报自己的仇而不被判死刑！",,
,广州宝马撞人案,2023/01/11,故意 撞人,故意驾车撞人致多人伤亡男子被执行死刑,央视新闻,新闻媒体 ,无,https://weibo.com/2656274875/OapBRvLsE?refer_flag=1001030103_,2077转 2797评 4.8万赞,"据广州市中级人民法院：今天，广东省广州市中级人民法院遵照最高人民法院下达的执行死刑命令，对罪犯温庆运执行死刑。广州市人民检察院依法派员临场监督。

2023年1月11日17时许，温庆运为发泄个人情绪，在广州市天河区故意驾车连续冲撞行人和道路设施，造成多人伤亡及财产损失等严重后果。

2023年4月18日，广州市中级人民法院以危险方法危害公共安全罪判处温庆运死刑，剥夺政治权利终身。温庆运上诉后，广东省高级人民法院经依法开庭审理，裁定驳回上诉，维持原判，并依法报请最高人民法院核准。最高人民法院复核期间，依法讯问了温庆运，认真听取并审查了辩护律师所提意见，经复核认为，第一审判决、第二审裁定认定事实清楚，证据确实、充分，定罪准确，量刑适当。审判程序合法。依法核准温庆运死刑。","这个算是判的快的了 很多都要等两三年。 说明这种情况很恶劣

罪有应得，事件发生的时间还是当年春节前，每个人都兴高采烈地备年货买新衣准备过年，谁知道就是这个人为发泄自己情绪而改写

一个字“好”！之前还申请精神鉴定....",,
,,,,【#故意驾车撞人致多人伤亡男子被执行死刑#】,zfw平安浦城,新闻媒体 ,#广州天河宝马撞人案罪犯被执行死刑#,https://weibo.com/5634013749/OapFYxqYa,87转 40评 154赞,"据广州市中级人民法院：今天，广东省广州市中级人民法院遵照最高人民法院下达的执行死刑命令，对罪犯温庆运执行死刑。广州市人民检察院依法派员临场监督。

2023年1月11日17时许，温庆运为发泄个人情绪，在广州市天河区故意驾车连续冲撞行人和道路设施，造成多人伤亡及财产损失等严重后果。

2023年4月18日，广州市中级人民法院以危险方法危害公共安全罪判处温庆运死刑，剥夺政治权利终身。温庆运上诉后，广东省高级人民法院经依法开庭审理，裁定驳回上诉，维持原判，并依法报请最高人民法院核准。最高人民法院复核期间，依法讯问了温庆运，认真听取并审查了辩护律师所提意见，经复核认为，第一审判决、第二审裁定认定事实清楚，证据确实、充分，定罪准确，量刑适当。审判程序合法。依法核准温庆运死刑。",无重要评论,,
,贵溪小学持刀伤人,2024/05/20,小学持刀伤人,#贵溪一小学持刀伤人案嫌犯被控制#,央视新闻,新闻媒体 ,贵溪警方通报一小学发生伤人案,https://weibo.com/2656274875/OfatPrvMU,1899转 3704评 2.1万赞,今天，江西贵溪文坊镇明德小学发生一起持水果刀伤人案件，犯罪嫌疑人潘某某（女，45 岁，贵溪市人）已被公安机关控制。案件造成6人受伤（其中 2人经抢救无效死亡， 4人无生命危险），另有6人在躲闪中轻微擦伤。目前，伤员救治、案件侦办等工作正在进行中。,"希望这种恶性犯罪，一是对凶手都能从速判决、从速枪毙；二是深挖背后的矛盾堵点，以期完善我们的社会治理工作，让悲剧不再发生。 ​​​

能不能死刑，让家属执行。

建议恢复枪决",,
,,,,#贵溪警方通报一小学发生伤人案#,陇原政法,其他（官方通报）,贵溪警方通报一小学发生伤人案,https://weibo.com/6892712944/Ofbfi4UVU?refer_flag=1001030103_,16转 16评 18赞,今天，江西贵溪文坊镇明德小学发生一起持水果刀伤人案件，犯罪嫌疑人潘某某（女，45 岁，贵溪市人）已被公安机关控制。案件造成6人受伤（其中 2人经抢救无效死亡， 4人无生命危险），另有6人在躲闪中轻微擦伤。目前，伤员救治、案件侦办等工作正在进行中。,评论过滤,,
,辽宁开原持刀杀人案,2020/12/27,持刀伤人,辽宁开原发生持刀杀人案嫌疑人已被抓获 已致7人死亡7人受伤,看看新闻news,新闻媒体 ,无,https://weibo.com/1845864154/JApH94JrE,11转 21赞 54评,12月27日早8时14分，辽宁开原市友谊饭店二部附近发生一起持刀伤人系列案件，男子杨某某在持刀街头伤害多人后被警方在金普盛浴门前抓获。目前，该案件已造成7人死亡，7人受伤，伤者中包括参与抓捕疑犯的1名民警，伤者已送医救治。目前，案件还在进一步审理中。,"中国这个精神病杀人不偿命的法律得改一下了。难道精神病杀死的人能活过来？我倒觉得精神病杀人更应该枪毙，第一被精神病患者杀死的也是条生命。第二，精神病不知改悔，以后还会杀人。第三，精神病对社会几乎没啥正能量贡献

杀了那么多人，危险上街，警察还跟他玩墨迹，太善良了！

不敢想象这种人见人就杀，再迅速的出警也无法阻止多人死亡，老人孩童就更别说了",,
,沈阳六旬超市员工持刀行凶,2021/07/14,持刀 行凶,六旬超市员工持刀行凶致2死7伤，#沈阳警方发布紧急协查通报#,澎湃新闻,新闻媒体 ,#沈阳警方发布紧急协查通报#,https://weibo.com/5044281310/KoKZe6LLV,80转 179赞 646赞,7月14日，辽宁沈阳。沈阳警方通报，一超市肉食柜台员工田某某持刀行凶致2死7伤。据央视新闻，公安部门发布紧急协查通报，嫌疑人逃跑时着黑色短袖短裤，可能携带凶器。,无重要评论,,
,德州男子故意冲撞,2024/03/01,车祸 故意冲撞,山东#德州车祸致2死6重伤#,澎湃新闻,新闻媒体 ,#德州驾车撞人男子已被当场抓获#,https://weibo.com/5044281310/O317L3re0,397转 1376评 1.4万赞,3月1日，山东省德州市公安局德城分局发布警情通报：2024年3月1日13时40分左右，德州市德城区安居苑小区南侧道路，一男子驾驶机动车冲撞行人致多人伤亡。目前，已造成2人死亡，6人重伤，省市医疗专家正在全力开展救治。驾驶人王某涛（男，46岁）被公安机关当场抓获，案件正在进一步调查中。,"不想知道它的姓名和故事。只求赶紧枪毙

这又是报复社会？唉

21年5月大连宝马撞人案，23年1月广州宝马撞人案，23年3月邯郸撞人案，24年3月德州撞人案，这样的事件如果不能制止，所有人都将丧失安全感",,
,,,,无,小满,个人博主,#德州车祸致2死6重伤##德州驾车撞人男子已被当场抓获#,https://weibo.com/2099956712/O31Gl00Zi,79转 176评 400赞,"3月1日，山东德州发生一起重大交通事故，一男子驾驶机动车冲撞行人，已致2人死亡6人重伤，目前驾驶人王某涛(男，46岁)已被当地警方抓获，案件进一步调查中。据此前报道，3月1日13时40分左右，王某涛驾驶黑色轿车行至德城区第三实验小学安居苑校区门口附近，撞伤10余名儿童。#德州车祸致2死6重伤##德州驾车撞人男子已被当场抓获#

目前，警方只对涉案驾驶人的性别、年龄进行了通报，而没有提及驾驶人是否为残障人士、是否为酒后驾车等，关于驾驶人的一切网传信息，慎重对待，切勿轻易相信。车撞人的突发、恶性交通事故，必然是人祸，被撞的还都是小学生，每个学生背后都是一个家庭，希望严惩肇事者。","小朋友可怜。 肇事者以危险方法危害公共安全罪

是恶性事件，这是报复社会的吧。在小学附近专找弱小的欺负，这是怎样丑恶的灵魂做出如此伤天害理的恶行，希望调查淸楚，严惩凶手。愿孩子们平安",,
,北京密云撞人,2025/06/26,车祸 交通事故,北京密云警方通报男子驾车因操作不当碰撞行人,深视新闻,新闻媒体 ,#北京密云警方通报一起交通事故#,https://weibo.com/6321540324/PylNOwqb5,33转 187评论 730赞,6月26日，北京密云警方发布警情通报，男子驾车因操作不当碰撞行人。,"都不报死亡人数，给死者家属一个交代，走了9个人太悲痛了。

官方通报的意思只有受伤的，刚刷到满地是人，听说有去世的，请官方辟谣有没有死者，新闻不是这么报的",这个事件特殊？官方报道和事实不符，死伤11人。和谐很多。,
,,,,#警方通报北京密云一起交通事故# ：伤者被及时送医治疗,北京晚报,新闻媒体 ,#35岁男子驾车操作不当与行人碰撞#,https://weibo.com/1703371307/PylZUDReV?refer_flag=1001030103_,31转 175评 486赞,#35岁男子驾车操作不当与行人碰撞# 2025年6月26日13时许，在密云区育才路与东门大街交叉口附近发生一起交通事故。经初步调查，韩某某(男，35岁)驾驶小客车行至事发路段时，因操作不当与行人发生碰撞，伤者被及时送医治疗。事故正在进一步调查处理中。,评论关闭,,
,,,,北京密云警方：韩某某驾车操作不当与行人发生碰撞，伤者被及时送医治疗,观察者网,新闻媒体 ,#密云警方通报男子驾车碰撞行人#,https://weibo.com/1887344341/PykRMgOyh?refer_flag=1001030103_,2转 2评 24赞,“平安密云”官微通报，6月26日13时许，在密云区育才路与东门大街交叉口附近发生一起交通事故。经初步调查，韩某某(男，35岁)驾驶小客车行至事发路段时，因操作不当与行人发生碰撞，伤者被及时送医治疗。事故正在进一步调查处理中。,无,,
,常德撞人事件,2024/11/19,冲撞人群,警方通报常德撞人事件,北京日报,新闻媒体 ,,https://weibo.com/1893892941/P11NMsHEB?refer_flag=1001030103_,575转 685评 4505赞,常德鼎城区公安局2024年11月19日通报：2024年11月19日7时37分许，常德鼎城区玉霞街道双潭路附近发生一起车辆撞人事件，伤者第一时间送往医院救治，目前均无生命危险。肇事者黄某（男，39岁）已被抓获。事件正在进一步调查处理中。 ​​​,评论精选,,
,,,,湖南常德撞人案一审宣判 被告人黄文被判死缓,新华社,新闻媒体 ,,https://weibo.com/1699432410/P6cLB7xuN?refer_flag=1001030103_,386转 157评 446赞,"新华社长沙12月23日电 2024年12月23日，湖南省常德市中级人民法院公开审理被告人黄文以危险方法危害公共安全案，对被告人黄文以以危险方法危害公共安全罪判处死刑，缓期二年执行，剥夺政治权利终身。

法院经审理查明：被告人黄文因投资亏损、与家人矛盾等原因，为发泄个人情绪，于2024年11月19日7时37分许，驾驶汽车在湖南省常德市鼎城区玉霞街道双潭路附近，加速、连续冲撞小学生等人群，并在车辆因故障停驶后持械下车攻击群众，被当场抓获。黄文的犯罪行为致7人轻伤、16人轻微伤、7人轻微伤以下损伤，其中包含18名小学生，使公私财产遭受重大损失。

常德市中级人民法院经审理认为，被告人黄文的行为构成以危险方法危害公共安全罪。黄文选择不特定多数的无辜小学生作为主要作案对象，犯罪动机卑劣，主观恶性极深；选择人流集中的地段、学生入校高峰时段，驾车冲撞人群，犯罪情节极其恶劣；犯罪行为造成多人受伤，使公私财产遭受重大损失，给被害人及在校学生、周边群众造成心理创伤，严重危害公共安全，扰乱社会秩序，造成恶劣影响，社会危害极大，应依法惩处。法庭遂作出上述判决。","尊重法律，不要感情判案，死缓已经属于重判了，如果有重伤或死亡的话，肯定是死刑立即执行。

",,
,廉江幼儿园行凶事件,2023/7/10,持刀伤人 幼儿园,#幼儿园回应男子进园行凶致6死1伤#：死伤者中有师生,新京报,新闻媒体 ,"#幼儿园回应男子进园行凶致6死1伤#

#男子持刀进幼儿园砍杀致6死1伤#",https://weibo.com/1644114654/N9e3FF262?pagetype=detail,64转 364评 1986赞,据广东省廉江市公安局通报，7月10日7时40分许，廉江市横山镇一#男子持刀进幼儿园砍杀致6死1伤#，8时许，犯罪嫌疑人吴某杰（男，25岁，廉江市人）被抓获归案。@新京报 记者了解到，该案发生在一家幼儿园内，该幼儿园上级单位负责人表示，死伤者中有幼儿园师生，具体身份仍在核实。事发后，园内师生已被疏散、分流。幼儿园监控画面显示，案发时，该嫌疑人持刀进园。幼儿园上级单位负责人告诉记者，相关工作人员会全力做好园内师生的善后安置问题，并加强各种防范措施，目前，相关后期工作正在进行中。,"对谁不满找谁去啊！竟然对无辜的孩子下手！畜牲啊！

懦夫，只敢对无辜幼儿下手！！！恨死

",,
,,,,#宣传部回应男子幼儿园行凶致6死1伤#：遇害者身份还在核实,湖北经视,新闻媒体 ,#广东廉江发生一起故意伤害案致6死1伤#,https://weibo.com/1924842983/N9ce5rOx2?refer_flag=1001030103_,2315转 5247赞 8w赞,7月10日，#广东廉江发生一起故意伤害案致6死1伤#，犯罪嫌疑人吴某杰(男，25岁，廉江市人) 已被抓获。网传遇害者包括1名老师、2名家长以及3名学生。对此，广东廉江市宣传部工作人员回应称，事发今日上午，案发后公安机关已介入调查，案件起因及6名遇害者的身份还在调查核实中。,"怎么老有人往压力大上扯，活不下去捅自己啊，害别人干嘛……

你看，他们“压力大”、“精神状态不好”、“报复社会”时，脑袋清楚地去学校幼儿园，不去冲国家机关、部队大院

报复社会，心理扭曲了，觉得自己过得不好全是社会导致的，不想活了就拉几个垫背的。这种人多的很，只是有的人不敢这么做罢了。

报复社会，心理扭曲了，觉得自己过得不好全是社会导致的，不想活了就拉几个垫背的。这种人多的很，只是有的人不敢这么做罢了。",,
,,,,【#广东廉江发生一起故意伤害案致6死1伤#】,新京报,新闻媒体 , #廉江发生一起故意伤害案致6死1伤# ​,https://weibo.com/1644114654/N9bVS92HC?refer_flag=1001030103_,259转 1066评 3824赞,据平安廉江消息，2023年7月10日7时40分许廉江市横山镇发生一起故意伤害案，致6人死亡、1人受伤。当日8时许，我局将犯罪嫌疑人吴某杰(男，25岁，廉江市人) 抓获归案。目前，案件正在加紧侦办中。,"不管是精神病还是什么，这种的当场击毙就是最好的处理，完全不需要听理由。

死刑不难，但是我们要了解动机，尽量去消除社会上这种动机",,
,米脂县中学砍人案,2018/04/07,学校袭击,陕西米脂三中学生遭袭击 死亡学生人数上升至9人,新浪广东,新闻媒体 ,,https://weibo.com/1684452940/Ge8F47Yle?pagetype=detail,19转 23评 37赞,27日18时10分许，在米脂县第三中学校门外巷道发生一起伤害案件，一名男子持匕首行凶，导致19名学生（14女5男）受伤。截至4月27日23时，死亡学生人数上升为9人（7女2男），其余10名伤者正在全力救治中。事发后，榆林多地市民前往献血点排队等待抽血。,,,
,,,,,搜狐视频,新闻媒体 ,,https://weibo.com/2230913455/Ge3T7xcAU?pagetype=detail,161转 150评 56赞,突发！陕西米脂多名初中学生被砍 已致7人死亡】今日下午18时左右，米脂县第三中学学生放学途中遭犯罪嫌疑人袭击，造成19名学生受伤，其中7人死亡。目前，犯罪嫌疑人已被警方控制，受伤学生正在全力抢救中！ ​​​,"就地枪毙就行了，为什么还多留他活一秒

直接拉出去枪毙吧，别又说是精神疾病，这种人死一万次都不够！！！！！",,